"course_id","jhu_user_id","course_grade_ts","course_passing_state_id","course_grade_overall_passed_items","course_grade_overall","course_grade_verified_passed_items","course_grade_verified"
"LEemVewWMPAqsm3Vo3Am1z","f7be6843","2016-04-07 07:51:42","2"," 6","0.5600000"," 4","0.2000000"
"LEemVewWMPAqsm3Vo3Am1z","79cd731f","2016-01-31 23:48:59","2"," 4","0.9857140"," 4","0.9714290"
"LEemVewWMPAqsm3Vo3Am1z","3423aa9","2017-04-11 19:36:48","2"," 6","0.9592857"," 3","1.0000000"
"LEemVewWMPAqsm3Vo3Am1z","d8154064","2016-10-25 01:22:34","2"," 6","0.6000000"," 1","1.0000000"
"LEemVewWMPAqsm3Vo3Am1z","fd24acc8","2016-06-12 21:13:59","2"," 4","0.9666670"," 4","0.0000000"
"LEemVewWMPAqsm3Vo3Am1z","e87e81a8","2016-01-23 12:31:06","2"," 4","0.6000000"," 3","0.9666670"
"LEemVewWMPAqsm3Vo3Am1z","b177735f","2017-03-03 11:53:36","2"," 6","1.0000000"," 4","1.0000000"
"LEemVewWMPAqsm3Vo3Am1z","8a8538f2","2016-03-02 20:50:50","2"," 6","1.0000000"," 2","0.2000000"
"LEemVewWMPAqsm3Vo3Am1z","c374e9b5","2016-02-04 07:18:05","2"," 4","0.9337500"," 4","1.0000000"
"LEemVewWMPAqsm3Vo3Am1z","9599aecd","2017-07-31 23:18:22","2"," 4","0.9238100"," 4","1.0000000"
"LEemVewWMPAqsm3Vo3Am1z","234f4752","2016-03-09 05:49:41","0"," 4","0.9690000"," 6","0.9696429"
"LEemVewWMPAqsm3Vo3Am1z","fd65883f","2016-06-10 07:51:34","2"," 1","1.0000000"," 6","0.9857140"
"LEemVewWMPAqsm3Vo3Am1z","20368772","2016-06-19 17:36:17","2"," 4","0.5880000"," 3","0.9857140"
"LEemVewWMPAqsm3Vo3Am1z","3a2656bd","2017-07-04 02:14:56","2"," 4","0.9666670"," 6","1.0000000"
"LEemVewWMPAqsm3Vo3Am1z","6511b09","2016-03-02 16:50:58","0"," 4","0.9937500"," 6","0.7257500"
"LEemVewWMPAqsm3Vo3Am1z","2f7c25aa","2016-03-30 09:49:23","2"," 4","0.9607500"," 6","0.6000000"
"LEemVewWMPAqsm3Vo3Am1z","133983f6","2016-07-23 16:06:07","2"," 3","0.7380950"," 6","0.3900000"
"LEemVewWMPAqsm3Vo3Am1z","7fd4af64","2016-04-08 19:04:08","0"," 4","1.0000000"," 6","0.9238100"
"LEemVewWMPAqsm3Vo3Am1z","c5491042","2016-02-21 17:57:40","2"," 4","0.0240000"," 6","0.9666666"
"LEemVewWMPAqsm3Vo3Am1z","b39d0941","2015-12-06 21:06:08","2"," 4","1.0000000"," 4","0.9666670"
"LEemVewWMPAqsm3Vo3Am1z","933cd5b","2016-03-24 00:19:49","2"," 4","1.0000000"," 4","0.9937500"
"LEemVewWMPAqsm3Vo3Am1z","8cb4cc35","2017-04-11 12:15:16","2"," 1","0.9857140"," 4","0.9183928"
"LEemVewWMPAqsm3Vo3Am1z","e5bc07fd","2017-04-06 05:17:28","2"," 4","0.4350000"," 6","0.6000000"
"LEemVewWMPAqsm3Vo3Am1z","4c935545","2017-06-27 23:11:17","2"," 3","0.4125000"," 3","1.0000000"
"LEemVewWMPAqsm3Vo3Am1z","fdbd173d","2016-08-18 15:41:44","0"," 4","0.9714290"," 6","1.0000000"
"LEemVewWMPAqsm3Vo3Am1z","40d2b555","2017-10-02 04:36:30","2"," 4","0.9666670"," 6","0.9937500"
"LEemVewWMPAqsm3Vo3Am1z","27946a07","2016-06-07 00:15:48","2"," 4","0.9642857"," 4","0.8571430"
"LEemVewWMPAqsm3Vo3Am1z","9b7efcf0","2017-05-01 18:13:47","0"," 6","1.0000000"," 6","1.0000000"
"LEemVewWMPAqsm3Vo3Am1z","6ab04feb","2017-05-29 04:13:10","2"," 5","0.4500000"," 4","1.0000000"
"LEemVewWMPAqsm3Vo3Am1z","ba664439","2016-05-11 19:09:27","2"," 6","0.9462500"," 4","0.9567857"
"LEemVewWMPAqsm3Vo3Am1z","4589f444","2016-05-18 06:19:46","0"," 6","1.0000000"," 4","0.9950000"
"LEemVewWMPAqsm3Vo3Am1z","6b6ea5a9","2017-01-20 06:53:42","2"," 6","1.0000000"," 6","1.0000000"
"LEemVewWMPAqsm3Vo3Am1z","fcd9d79b","2016-07-24 09:30:27","2"," 6","0.9714290"," 4","0.9380950"
"LEemVewWMPAqsm3Vo3Am1z","bc473ecc","2017-01-23 10:03:09","2"," 5","0.9857140"," 6","0.2900000"
"LEemVewWMPAqsm3Vo3Am1z","1799f89b","2016-07-27 04:10:54","2"," 6","0.9600000"," 3","1.0000000"
"LEemVewWMPAqsm3Vo3Am1z","37cd0247","2016-02-23 13:22:13","2"," 4","0.9666670"," 2","1.0000000"
"LEemVewWMPAqsm3Vo3Am1z","55189135","2017-07-10 03:42:57","2"," 6","0.7425000"," 4","0.9285710"
"LEemVewWMPAqsm3Vo3Am1z","878d335","2016-02-03 00:18:39","2"," 3","0.2000000"," 6","1.0000000"
"LEemVewWMPAqsm3Vo3Am1z","8634d363","2017-05-21 18:12:08","2"," 6","0.9880000"," 4","0.9887500"
"LEemVewWMPAqsm3Vo3Am1z","e8caa789","2017-01-31 16:07:33","2"," 6","1.0000000"," 4","0.9937500"
"LEemVewWMPAqsm3Vo3Am1z","b332f0ad","2016-10-18 14:22:46","2"," 6","1.0000000"," 4","0.6000000"
"LEemVewWMPAqsm3Vo3Am1z","e3271ec0","2017-04-08 12:58:31","2"," 6","1.0000000"," 4","1.0000000"
"LEemVewWMPAqsm3Vo3Am1z","fbfb8d53","2016-03-13 17:04:07","2"," 4","0.9857140"," 4","0.6000000"
"LEemVewWMPAqsm3Vo3Am1z","7c93b18b","2016-05-31 18:53:30","0"," 6","0.4500000"," 6","0.6000000"
"LEemVewWMPAqsm3Vo3Am1z","56ee7543","2017-01-16 21:39:48","2"," 6","0.9266670"," 6","0.9762500"
"LEemVewWMPAqsm3Vo3Am1z","83e3573a","2016-11-03 08:44:08","2"," 6","0.9821429"," 4","0.9625000"
"LEemVewWMPAqsm3Vo3Am1z","280c2c2d","2017-05-21 16:12:03","2"," 4","1.0000000"," 6","1.0000000"
"LEemVewWMPAqsm3Vo3Am1z","7152b75a","2016-01-18 01:40:46","2"," 4","0.9857140"," 6","1.0000000"
"LEemVewWMPAqsm3Vo3Am1z","785efedc","2016-01-26 13:03:59","2"," 6","0.9338928"," 5","1.0000000"
"LEemVewWMPAqsm3Vo3Am1z","de9e7cd","2016-02-03 22:49:44","2"," 4","0.9821429"," 4","0.4766670"
"LEemVewWMPAqsm3Vo3Am1z","49531fe9","2017-04-27 08:11:27","2"," 6","0.9600000"," 6","0.4500000"
"LEemVewWMPAqsm3Vo3Am1z","374b8e30","2016-06-05 04:17:32","2"," 5","0.9937500"," 6","1.0000000"
"LEemVewWMPAqsm3Vo3Am1z","1b48a8b6","2016-06-01 08:20:45","2"," 4","0.9857140"," 4","1.0000000"
"LEemVewWMPAqsm3Vo3Am1z","1f7bbcec","2016-07-19 07:42:41","2"," 6","0.9666670"," 4","0.2000000"
"LEemVewWMPAqsm3Vo3Am1z","392c174f","2017-09-23 04:48:35","2"," 6","1.0000000"," 6","0.6000000"
"LEemVewWMPAqsm3Vo3Am1z","814a61e8","2016-04-02 21:18:40","2"," 3","0.9621430"," 1","0.1440000"
"LEemVewWMPAqsm3Vo3Am1z","623f9810","2017-02-13 22:11:21","2"," 3","1.0000000"," 3","0.9821429"
"LEemVewWMPAqsm3Vo3Am1z","f9ee8d94","2016-03-28 04:42:09","0"," 4","0.9877500"," 3","1.0000000"
"LEemVewWMPAqsm3Vo3Am1z","cd7ffc6","2016-06-07 15:08:14","0"," 6","0.9890000"," 1","1.0000000"
"LEemVewWMPAqsm3Vo3Am1z","8e375480","2017-04-22 15:15:36","2"," 6","1.0000000"," 4","1.0000000"
"LEemVewWMPAqsm3Vo3Am1z","983a83c4","2017-09-03 17:13:09","2"," 4","0.9821429"," 4","0.9238100"
"LEemVewWMPAqsm3Vo3Am1z","675d6ace","2017-01-28 16:36:34","2"," 4","0.6000000"," 4","1.0000000"
"LEemVewWMPAqsm3Vo3Am1z","ddf6f5d8","2017-03-27 16:14:56","2"," 4","0.3266670"," 6","0.9937500"
"LEemVewWMPAqsm3Vo3Am1z","ae19cf67","2017-09-06 12:31:06","2"," 4","0.9428570"," 3","1.0000000"
"LEemVewWMPAqsm3Vo3Am1z","59a8a03e","2016-03-10 05:20:36","2"," 6","0.1600000"," 4","0.9821429"
"LEemVewWMPAqsm3Vo3Am1z","6a133","2016-03-20 14:51:47","2"," 4","1.0000000"," 6","0.9900000"
"LEemVewWMPAqsm3Vo3Am1z","fdf71344","2017-07-03 14:07:00","2"," 4","0.6000000"," 4","1.0000000"
"LEemVewWMPAqsm3Vo3Am1z","f0d70038","2016-02-17 22:49:46","2"," 4","1.0000000"," 6","0.9857140"
"LEemVewWMPAqsm3Vo3Am1z","468d2e82","2017-07-15 17:16:37","2"," 6","1.0000000"," 1","1.0000000"
"LEemVewWMPAqsm3Vo3Am1z","d9b7e561","2016-07-12 22:49:25","0"," 6","1.0000000"," 4","0.9715000"
"LEemVewWMPAqsm3Vo3Am1z","a656c22","2016-02-04 02:19:04","2"," 4","0.9285710"," 4","0.7437500"
"LEemVewWMPAqsm3Vo3Am1z","3d89d95f","2017-07-26 14:18:23","2"," 6","0.9821430"," 3","1.0000000"
"LEemVewWMPAqsm3Vo3Am1z","393a26ec","2017-08-27 04:16:37","2"," 6","0.2000000"," 3","0.9857140"
"LEemVewWMPAqsm3Vo3Am1z","e5cda6e3","2016-09-13 04:22:37","2"," 6","0.9821429"," 4","1.0000000"
"LEemVewWMPAqsm3Vo3Am1z","8b1f5e78","2016-06-13 04:53:59","2"," 4","0.9755000"," 4","0.8695240"
"LEemVewWMPAqsm3Vo3Am1z","aa3bab1","2016-09-03 13:49:11","0"," 4","0.6000000"," 6","1.0000000"
"LEemVewWMPAqsm3Vo3Am1z","d09b0ea8","2016-07-14 07:41:33","2"," 4","1.0000000"," 4","1.0000000"
"LEemVewWMPAqsm3Vo3Am1z","880fb647","2016-01-31 16:27:45","2"," 2","1.0000000"," 4","0.9455710"
"LEemVewWMPAqsm3Vo3Am1z","b24c0f85","2016-03-01 18:21:54","2"," 3","1.0000000"," 4","0.9812500"
"LEemVewWMPAqsm3Vo3Am1z","4ab5b8f0","2016-06-22 10:17:49","2"," 6","0.1500000"," 4","0.7067500"
"LEemVewWMPAqsm3Vo3Am1z","31daa14","2017-03-12 21:12:12","2"," 4","0.9857140"," 6","0.9637500"
"LEemVewWMPAqsm3Vo3Am1z","327c6f2d","2016-11-01 07:43:19","2"," 6","0.7302500"," 6","1.0000000"
"LEemVewWMPAqsm3Vo3Am1z","9f4841b9","2017-09-17 02:08:32","2"," 6","1.0000000"," 1","0.9937500"
"LEemVewWMPAqsm3Vo3Am1z","b962753d","2016-12-06 19:08:14","2"," 4","1.0000000"," 6","1.0000000"
"LEemVewWMPAqsm3Vo3Am1z","a7de5b9b","2017-07-17 02:22:27","0"," 4","1.0000000"," 4","0.9798214"
"LEemVewWMPAqsm3Vo3Am1z","e6a291cc","2017-09-05 07:12:57","2"," 3","1.0000000"," 6","1.0000000"
"LEemVewWMPAqsm3Vo3Am1z","c38676a4","2016-06-27 04:45:50","0"," 4","1.0000000"," 6","0.9880000"
"LEemVewWMPAqsm3Vo3Am1z","ecce9c35","2017-07-09 20:48:12","2"," 6","0.6000000"," 4","0.9428570"
"LEemVewWMPAqsm3Vo3Am1z","6f92c39b","2016-10-06 07:15:13","2"," 6","0.9857140"," 4","1.0000000"
"LEemVewWMPAqsm3Vo3Am1z","2b5ce6ef","2017-06-19 23:12:52","2"," 4","1.0000000"," 4","0.9701428"
"LEemVewWMPAqsm3Vo3Am1z","792229de","2016-07-01 15:52:43","2"," 6","1.0000000"," 6","0.9696429"
"LEemVewWMPAqsm3Vo3Am1z","89136176","2016-08-29 22:49:48","2"," 6","0.9857140"," 4","1.0000000"
"LEemVewWMPAqsm3Vo3Am1z","443ea4e4","2017-09-27 21:14:32","0"," 1","1.0000000"," 6","1.0000000"
"LEemVewWMPAqsm3Vo3Am1z","94a7fb07","2016-05-04 13:49:46","2"," 6","0.9817500"," 4","1.0000000"
"LEemVewWMPAqsm3Vo3Am1z","c715c9e6","2016-05-10 08:46:02","2"," 2","1.0000000"," 6","0.1600000"
"LEemVewWMPAqsm3Vo3Am1z","d5f74ff8","2016-09-06 17:21:04","2"," 4","1.0000000"," 6","1.0000000"
"LEemVewWMPAqsm3Vo3Am1z","2287c834","2016-03-30 03:49:41","2"," 6","1.0000000"," 4","0.5500000"
"LEemVewWMPAqsm3Vo3Am1z","f5892246","2016-04-19 08:49:31","0"," 6","1.0000000"," 6","0.4000000"
"LEemVewWMPAqsm3Vo3Am1z","3d85060f","2016-12-01 08:41:25","2"," 4","1.0000000"," 2","0.9627500"
"LEemVewWMPAqsm3Vo3Am1z","11002de9","2017-10-04 12:14:21","2"," 6","1.0000000"," 3","0.9732140"
"LEemVewWMPAqsm3Vo3Am1z","c0783ac3","2017-09-11 13:14:28","2"," 6","0.9600000"," 4","1.0000000"
"LEemVewWMPAqsm3Vo3Am1z","dc064a8","2016-05-15 01:19:42","2"," 4","0.9714290"," 6","1.0000000"
"LEemVewWMPAqsm3Vo3Am1z","75eb97c8","2016-02-03 15:49:14","2"," 3","0.9758928"," 6","1.0000000"
"LEemVewWMPAqsm3Vo3Am1z","544fbbae","2016-02-03 15:19:22","2"," 6","1.0000000"," 4","0.9330357"
"LEemVewWMPAqsm3Vo3Am1z","c269f80d","2016-04-05 22:51:30","2"," 1","0.9238100"," 6","1.0000000"
"LEemVewWMPAqsm3Vo3Am1z","1b14ef07","2016-10-26 05:46:55","2"," 3","0.9937500"," 5","1.0000000"
"LEemVewWMPAqsm3Vo3Am1z","900ea28","2016-08-08 08:46:29","2"," 2","1.0000000"," 4","0.9880000"
"LEemVewWMPAqsm3Vo3Am1z","bb8eead0","2017-08-13 10:36:43","0"," 4","0.6000000"," 6","1.0000000"
"LEemVewWMPAqsm3Vo3Am1z","a1be30e0","2016-02-28 17:31:21","2"," 3","0.6000000"," 6","1.0000000"
"LEemVewWMPAqsm3Vo3Am1z","27a806fc","2016-09-23 10:31:13","2"," 4","0.4192500"," 6","0.9937500"
"LEemVewWMPAqsm3Vo3Am1z","b212fbfe","2016-02-04 00:20:37","2"," 6","0.7045000"," 4","0.2817500"
"LEemVewWMPAqsm3Vo3Am1z","5231e125","2017-06-21 16:12:56","2"," 4","0.1600000"," 4","0.9571430"
"LEemVewWMPAqsm3Vo3Am1z","a5d7552e","2017-06-21 03:25:07","2"," 4","0.9752500"," 6","0.5500000"
"LEemVewWMPAqsm3Vo3Am1z","402dc18f","2016-10-17 12:51:16","2"," 6","0.9925000"," 3","0.9642857"
"LEemVewWMPAqsm3Vo3Am1z","e814893e","2016-02-17 20:50:53","2"," 2","1.0000000"," 6","0.9865000"
"LEemVewWMPAqsm3Vo3Am1z","ceed7a2e","2016-09-16 10:54:24","2"," 6","1.0000000"," 4","1.0000000"
"LEemVewWMPAqsm3Vo3Am1z","5536f43d","2016-09-27 06:01:15","0"," 6","0.9714290"," 3","0.6000000"
"LEemVewWMPAqsm3Vo3Am1z","9506e7c3","2016-02-03 18:20:29","0"," 6","1.0000000"," 3","0.9525000"
"LEemVewWMPAqsm3Vo3Am1z","a1418d6f","2017-07-26 09:43:10","2"," 6","1.0000000"," 4","0.9571430"
"LEemVewWMPAqsm3Vo3Am1z","495f9d47","2017-05-02 04:13:02","0"," 6","1.0000000"," 1","0.9714290"
"LEemVewWMPAqsm3Vo3Am1z","5a92f141","2016-08-19 08:50:03","2"," 4","0.9821430"," 6","1.0000000"
"LEemVewWMPAqsm3Vo3Am1z","6506bb89","2016-02-03 20:49:25","2"," 1","1.0000000"," 6","0.9542860"
"LEemVewWMPAqsm3Vo3Am1z","d6349a79","2017-07-19 13:20:23","2"," 4","1.0000000"," 6","0.9314290"
"LEemVewWMPAqsm3Vo3Am1z","dbe42b7e","2017-10-03 02:48:15","1"," 6","1.0000000"," 4","0.9714290"
"LEemVewWMPAqsm3Vo3Am1z","c0ab1d56","2016-03-03 08:50:22","2"," 4","1.0000000"," 4","0.9721429"
"LEemVewWMPAqsm3Vo3Am1z","446a8c1c","2017-03-11 21:11:09","2"," 4","0.6000000"," 1","0.9714290"
"LEemVewWMPAqsm3Vo3Am1z","685b99c4","2016-02-03 00:18:39","2"," 4","0.9600000"," 3","0.9857140"
"LEemVewWMPAqsm3Vo3Am1z","cf18dc72","2016-08-06 21:34:36","0"," 6","1.0000000"," 6","0.2000000"
"LEemVewWMPAqsm3Vo3Am1z","14d71776","2016-05-25 16:53:39","2"," 4","0.9880000"," 4","1.0000000"
"LEemVewWMPAqsm3Vo3Am1z","67eb3bdb","2017-07-10 21:14:10","2"," 4","0.6000000"," 5","0.9714290"
"LEemVewWMPAqsm3Vo3Am1z","c2e4e423","2017-01-17 01:35:25","2"," 6","0.9857140"," 4","1.0000000"
"LEemVewWMPAqsm3Vo3Am1z","b6c96fcb","2017-09-05 22:21:54","2"," 6","0.9767500"," 4","0.5600000"
"LEemVewWMPAqsm3Vo3Am1z","fe8df82c","2017-09-27 03:30:28","0"," 4","0.9642857"," 6","0.9525000"
"LEemVewWMPAqsm3Vo3Am1z","8562ee39","2016-03-10 03:49:37","2"," 6","1.0000000"," 6","1.0000000"
"LEemVewWMPAqsm3Vo3Am1z","228cd8fe","2017-05-02 14:12:12","2"," 6","0.6000000"," 4","0.6000000"
"LEemVewWMPAqsm3Vo3Am1z","33a6545e","2016-06-29 06:50:59","2"," 4","1.0000000"," 6","0.9571430"
"LEemVewWMPAqsm3Vo3Am1z","41b831d1","2017-07-24 19:19:55","2"," 4","0.0500000"," 6","0.9457857"
"LEemVewWMPAqsm3Vo3Am1z","ec8222d1","2016-02-29 21:55:15","2"," 6","0.9750000"," 6","0.6617500"
"LEemVewWMPAqsm3Vo3Am1z","753181c4","2016-11-01 04:17:41","0"," 6","0.9937500"," 4","0.9517857"
"LEemVewWMPAqsm3Vo3Am1z","5cf9e3ef","2016-05-05 07:49:40","2"," 6","0.5666670"," 6","0.9600000"
"LEemVewWMPAqsm3Vo3Am1z","e24785c4","2016-12-13 16:11:45","2"," 4","0.9428570"," 4","1.0000000"
"LEemVewWMPAqsm3Vo3Am1z","1e2710a1","2016-08-09 17:16:50","2"," 1","1.0000000"," 6","0.9890000"
"LEemVewWMPAqsm3Vo3Am1z","2fb1c1","2016-07-06 19:51:54","0"," 4","1.0000000"," 4","0.9775000"
"LEemVewWMPAqsm3Vo3Am1z","bb3c41b6","2017-08-05 20:16:57","2"," 4","0.9937500"," 4","1.0000000"
"LEemVewWMPAqsm3Vo3Am1z","46a1f614","2016-03-15 22:19:57","2"," 6","0.9714290"," 6","0.4000000"
"LEemVewWMPAqsm3Vo3Am1z","3a169d8a","2017-07-26 19:16:47","2"," 3","1.0000000"," 6","1.0000000"
"LEemVewWMPAqsm3Vo3Am1z","98e24bc9","2016-08-27 17:20:04","0"," 4","0.9655000"," 6","1.0000000"
"LEemVewWMPAqsm3Vo3Am1z","30634029","2017-07-21 10:18:23","2"," 6","0.9937500"," 6","0.9758928"
"LEemVewWMPAqsm3Vo3Am1z","36cae511","2017-01-10 15:14:58","2"," 6","1.0000000"," 4","0.9857143"
"LEemVewWMPAqsm3Vo3Am1z","9d98652b","2016-03-03 14:21:31","2"," 3","0.7400000"," 4","1.0000000"
"LEemVewWMPAqsm3Vo3Am1z","1a05bb6d","2016-05-13 06:26:51","2"," 6","0.9714290"," 6","0.7500000"
"LEemVewWMPAqsm3Vo3Am1z","f8f9bbb2","2017-05-08 01:12:08","2"," 1","0.9698930"," 4","0.9937500"
"LEemVewWMPAqsm3Vo3Am1z","a99b14e1","2016-05-26 05:54:14","2"," 4","0.4000000"," 4","1.0000000"
"LEemVewWMPAqsm3Vo3Am1z","6388d59a","2017-10-01 15:36:38","0"," 6","0.5666670"," 3","0.6000000"
"LEemVewWMPAqsm3Vo3Am1z","6dc425d5","2016-04-19 08:49:31","0"," 4","0.7325000"," 4","1.0000000"
"LEemVewWMPAqsm3Vo3Am1z","cf9af388","2016-10-10 20:00:25","2"," 4","1.0000000"," 4","0.9714290"
"LEemVewWMPAqsm3Vo3Am1z","216746af","2016-06-04 06:28:25","2"," 4","0.9632500"," 4","1.0000000"
"LEemVewWMPAqsm3Vo3Am1z","a8476aae","2016-06-05 23:31:26","0"," 4","1.0000000"," 6","1.0000000"
"LEemVewWMPAqsm3Vo3Am1z","fa79eecd","2016-03-01 18:21:54","2"," 5","0.6000000"," 4","1.0000000"
"LEemVewWMPAqsm3Vo3Am1z","504158aa","2017-07-26 15:06:21","0"," 3","0.9677500"," 6","1.0000000"
"LEemVewWMPAqsm3Vo3Am1z","f3b6b852","2016-11-03 04:15:06","2"," 4","0.9523810"," 6","1.0000000"
"LEemVewWMPAqsm3Vo3Am1z","e3838ab","2017-01-14 16:18:10","2"," 3","0.9857140"," 4","1.0000000"
"LEemVewWMPAqsm3Vo3Am1z","f34f4591","2016-06-04 14:50:02","0"," 6","0.9467857"," 4","0.9714290"
"LEemVewWMPAqsm3Vo3Am1z","20b5e47c","2016-03-10 08:49:37","2"," 6","1.0000000"," 6","0.9571430"
"LEemVewWMPAqsm3Vo3Am1z","a0ee84ef","2016-12-27 16:51:21","2"," 6","1.0000000"," 3","0.4600000"
"LEemVewWMPAqsm3Vo3Am1z","8ae7b077","2016-04-25 12:28:22","2"," 6","1.0000000"," 4","0.9666670"
"LEemVewWMPAqsm3Vo3Am1z","49495da0","2016-02-12 06:18:58","2"," 6","1.0000000"," 6","0.9600000"
"LEemVewWMPAqsm3Vo3Am1z","515eda53","2017-01-31 15:07:26","2"," 4","0.8742860"," 6","0.9857140"
"LEemVewWMPAqsm3Vo3Am1z","e87ce039","2016-07-02 11:21:22","2"," 6","0.7042500"," 2","0.9437500"
"LEemVewWMPAqsm3Vo3Am1z","bee5d236","2016-01-24 14:58:31","0"," 6","0.9857140"," 6","1.0000000"
"LEemVewWMPAqsm3Vo3Am1z","52ebe590","2017-05-18 15:12:53","2"," 6","0.9571428"," 5","0.2700000"
"LEemVewWMPAqsm3Vo3Am1z","f7d5a2b2","2016-09-16 20:19:05","2"," 2","1.0000000"," 6","0.9355000"
"LEemVewWMPAqsm3Vo3Am1z","e175054c","2017-02-23 08:36:19","2"," 3","1.0000000"," 6","0.1600000"
"LEemVewWMPAqsm3Vo3Am1z","8d3ed196","2017-03-09 09:11:11","0"," 3","1.0000000"," 4","0.9937500"
"LEemVewWMPAqsm3Vo3Am1z","598adf1","2017-04-19 02:03:49","2"," 1","1.0000000"," 4","1.0000000"
"LEemVewWMPAqsm3Vo3Am1z","29fc6df2","2017-06-17 21:11:37","2"," 4","0.9714290"," 5","0.6000000"
"LEemVewWMPAqsm3Vo3Am1z","73ca45c8","2016-02-06 03:04:46","0"," 6","1.0000000"," 4","0.9642857"
"LEemVewWMPAqsm3Vo3Am1z","89560d6e","2017-05-24 22:11:17","2"," 4","1.0000000"," 4","0.9583929"
"LEemVewWMPAqsm3Vo3Am1z","66906929","2016-03-10 14:20:19","2"," 6","0.9714290"," 1","0.9171430"
"LEemVewWMPAqsm3Vo3Am1z","b52a0490","2016-07-19 17:49:27","2"," 1","0.6000000"," 6","0.9571430"
"LEemVewWMPAqsm3Vo3Am1z","477e0701","2016-07-09 11:51:10","2"," 6","1.0000000"," 6","0.7437500"
"LEemVewWMPAqsm3Vo3Am1z","40b1d651","2016-05-26 06:54:23","0"," 4","1.0000000"," 4","0.6000000"
"LEemVewWMPAqsm3Vo3Am1z","52548083","2016-06-14 13:54:14","2"," 4","0.9857140"," 6","0.9666670"
"LEemVewWMPAqsm3Vo3Am1z","7b22d52c","2017-01-28 05:33:41","2"," 6","0.9910714"," 4","0.9857140"
"LEemVewWMPAqsm3Vo3Am1z","400032a4","2017-02-13 23:10:45","2"," 6","0.2000000"," 3","0.9940000"
"LEemVewWMPAqsm3Vo3Am1z","334417c2","2016-05-16 20:52:42","2"," 4","0.9714290"," 6","0.9700000"
"LEemVewWMPAqsm3Vo3Am1z","6c798f5","2016-03-29 20:51:02","2"," 4","0.6695240"," 4","1.0000000"
"LEemVewWMPAqsm3Vo3Am1z","76450176","2016-05-25 13:23:43","2"," 6","0.9821430"," 4","0.3000000"
"LEemVewWMPAqsm3Vo3Am1z","9a6a588d","2017-05-07 16:33:24","2"," 2","0.9692500"," 4","0.9775000"
"LEemVewWMPAqsm3Vo3Am1z","2c67b8e","2016-02-17 20:50:56","2"," 6","0.9314290"," 4","1.0000000"
"LEemVewWMPAqsm3Vo3Am1z","9bf453a2","2016-06-03 16:49:17","2"," 4","1.0000000"," 4","0.9857140"
"LEemVewWMPAqsm3Vo3Am1z","33863845","2017-09-06 02:12:40","2"," 6","0.9775000"," 4","0.9900000"
"LEemVewWMPAqsm3Vo3Am1z","8d808903","2016-12-05 16:43:35","2"," 4","0.8885710"," 4","0.4000000"
"LEemVewWMPAqsm3Vo3Am1z","28275324","2016-02-03 16:49:31","2"," 4","1.0000000"," 1","1.0000000"
"LEemVewWMPAqsm3Vo3Am1z","7142217b","2017-10-03 11:13:46","2"," 6","0.9950000"," 4","0.6000000"
"LEemVewWMPAqsm3Vo3Am1z","a046270f","2016-06-25 21:50:36","2"," 4","0.9516430"," 4","0.9431430"
"LEemVewWMPAqsm3Vo3Am1z","1d9bad3c","2017-04-17 04:17:55","0"," 3","0.9714290"," 6","0.9475000"
"LEemVewWMPAqsm3Vo3Am1z","532225da","2017-09-25 03:53:59","2"," 4","0.9937500"," 6","0.9937500"
"LEemVewWMPAqsm3Vo3Am1z","49919c94","2016-04-04 18:24:18","2"," 6","1.0000000"," 4","0.9666670"
"LEemVewWMPAqsm3Vo3Am1z","d740f798","2016-02-03 03:48:51","0"," 6","0.4000000"," 6","0.9857140"
"LEemVewWMPAqsm3Vo3Am1z","8587d192","2016-03-03 13:36:28","0"," 6","1.0000000"," 6","0.9575000"
"LEemVewWMPAqsm3Vo3Am1z","1f92988d","2016-10-19 05:14:29","2"," 4","1.0000000"," 6","0.9821429"
"LEemVewWMPAqsm3Vo3Am1z","ac9b9fe","2016-08-06 00:31:21","2"," 4","0.9857140"," 4","1.0000000"
"LEemVewWMPAqsm3Vo3Am1z","d63386a6","2017-02-28 20:40:37","2"," 2","0.2000000"," 6","1.0000000"
"LEemVewWMPAqsm3Vo3Am1z","dd8155d3","2017-09-21 08:16:05","0"," 3","0.3000000"," 4","0.6000000"
"LEemVewWMPAqsm3Vo3Am1z","871bfa99","2016-05-11 12:07:16","2"," 4","0.9857140"," 4","0.6525000"
"LEemVewWMPAqsm3Vo3Am1z","2d254797","2016-10-24 01:52:22","2"," 1","0.9937500"," 6","0.7500000"
"LEemVewWMPAqsm3Vo3Am1z","50c6276","2016-06-05 08:57:28","0"," 2","1.0000000"," 4","0.1500000"
"LEemVewWMPAqsm3Vo3Am1z","8c99d531","2016-04-17 07:49:42","2"," 6","1.0000000"," 1","1.0000000"
"LEemVewWMPAqsm3Vo3Am1z","55ed1ad4","2016-05-10 22:19:18","2"," 4","0.6000000"," 6","0.9666670"
"LEemVewWMPAqsm3Vo3Am1z","84e48240","2016-11-19 17:19:41","2"," 6","0.9714290"," 6","1.0000000"
"LEemVewWMPAqsm3Vo3Am1z","c7598d25","2017-02-27 07:04:48","2"," 4","0.9790000"," 3","0.5266670"
"LEemVewWMPAqsm3Vo3Am1z","4dac5cbb","2017-01-17 01:35:29","2"," 4","0.9857140"," 6","0.2880000"
"LEemVewWMPAqsm3Vo3Am1z","f2d61fe0","2016-06-03 09:47:50","2"," 4","0.9666666"," 6","0.9666670"
"LEemVewWMPAqsm3Vo3Am1z","9dff2ac7","2016-04-07 14:08:46","0"," 6","1.0000000"," 4","0.9817500"
"LEemVewWMPAqsm3Vo3Am1z","5e88ecd0","2016-05-12 03:22:32","2"," 4","1.0000000"," 6","0.5666670"
"LEemVewWMPAqsm3Vo3Am1z","645ebd99","2017-06-07 02:11:17","2"," 4","1.0000000"," 4","1.0000000"
"LEemVewWMPAqsm3Vo3Am1z","5c4addd4","2016-05-09 21:50:06","2"," 6","0.9940000"," 6","1.0000000"
"LEemVewWMPAqsm3Vo3Am1z","182a238e","2017-04-02 22:17:25","0"," 4","0.9714290"," 6","1.0000000"
"LEemVewWMPAqsm3Vo3Am1z","d2b2f67d","2016-07-06 12:03:30","0"," 6","0.9571430"," 4","0.9937500"
"LEemVewWMPAqsm3Vo3Am1z","e9406a6","2016-04-06 13:53:08","2"," 6","1.0000000"," 1","0.9600000"
"LEemVewWMPAqsm3Vo3Am1z","fccd0653","2016-07-11 04:21:18","0"," 2","0.6000000"," 4","1.0000000"
"LEemVewWMPAqsm3Vo3Am1z","6cdb04a1","2016-02-04 02:14:39","2"," 6","1.0000000"," 4","0.9714290"
"LEemVewWMPAqsm3Vo3Am1z","22163295","2016-02-23 01:17:14","2"," 6","0.9850000"," 6","1.0000000"
"LEemVewWMPAqsm3Vo3Am1z","cc6dcff6","2016-03-23 01:19:24","2"," 4","1.0000000"," 6","0.6000000"
"LEemVewWMPAqsm3Vo3Am1z","faf147cd","2016-12-10 22:50:17","0"," 4","0.2000000"," 4","0.9714290"
"LEemVewWMPAqsm3Vo3Am1z","2453cc85","2016-02-03 00:18:39","2"," 3","0.9537500"," 3","0.9714290"
"LEemVewWMPAqsm3Vo3Am1z","2a8f353e","2017-06-26 19:14:51","2"," 4","1.0000000"," 6","0.5562500"
"LEemVewWMPAqsm3Vo3Am1z","cc180cf","2017-01-22 11:03:05","2"," 6","1.0000000"," 6","0.9857140"
"LEemVewWMPAqsm3Vo3Am1z","6362a958","2017-03-16 23:16:09","0"," 4","0.9571430"," 4","0.9200000"
"LEemVewWMPAqsm3Vo3Am1z","a652f4c6","2016-10-01 21:40:20","0"," 6","0.9523810"," 4","1.0000000"
"LEemVewWMPAqsm3Vo3Am1z","f2a3b35e","2016-04-14 07:50:53","0"," 6","0.9857140"," 6","0.9426429"
"LEemVewWMPAqsm3Vo3Am1z","3dad441f","2016-05-18 14:20:55","2"," 6","0.4110000"," 6","0.9666670"
"LEemVewWMPAqsm3Vo3Am1z","55587048","2017-05-12 03:12:02","2"," 2","0.9887500"," 2","1.0000000"
"LEemVewWMPAqsm3Vo3Am1z","20220c40","2017-07-18 07:25:23","2"," 6","0.9530000"," 6","0.9787500"
"LEemVewWMPAqsm3Vo3Am1z","4fdc9338","2016-08-09 09:46:32","2"," 6","1.0000000"," 4","1.0000000"
"LEemVewWMPAqsm3Vo3Am1z","3bd48176","2016-04-27 10:01:34","2"," 6","1.0000000"," 4","0.9314290"
"LEemVewWMPAqsm3Vo3Am1z","4fe98a5d","2016-10-12 03:45:40","2"," 4","1.0000000"," 5","0.9683928"
"LEemVewWMPAqsm3Vo3Am1z","2adbeaed","2016-02-04 02:19:03","0"," 4","0.9600000"," 4","0.6000000"
"LEemVewWMPAqsm3Vo3Am1z","3e4478fd","2017-04-19 14:48:48","0"," 4","0.3000000"," 4","0.9666670"
"LEemVewWMPAqsm3Vo3Am1z","28e82465","2016-01-10 05:51:02","2"," 4","0.9714290"," 6","1.0000000"
"LEemVewWMPAqsm3Vo3Am1z","64b5f453","2017-04-21 22:11:56","2"," 6","0.9857140"," 4","0.6950000"
"LEemVewWMPAqsm3Vo3Am1z","c7e96afa","2017-10-04 16:06:46","0"," 6","0.4500000"," 4","1.0000000"
"LEemVewWMPAqsm3Vo3Am1z","1972573a","2017-10-02 00:13:47","0"," 4","0.6000000"," 4","1.0000000"
"LEemVewWMPAqsm3Vo3Am1z","6152c304","2016-02-23 13:22:13","0"," 6","1.0000000"," 4","0.9857140"
"LEemVewWMPAqsm3Vo3Am1z","5623946c","2016-07-23 20:27:23","2"," 6","0.9525000"," 3","0.5527500"
"LEemVewWMPAqsm3Vo3Am1z","ecbb8c59","2017-07-29 10:33:47","0"," 0","0.8673571"," 4","0.9380950"
"LEemVewWMPAqsm3Vo3Am1z","a4cb6609","2016-05-11 04:49:27","2"," 3","0.5666670"," 6","0.3666670"
"LEemVewWMPAqsm3Vo3Am1z","e56569a9","2016-02-28 19:45:03","2"," 4","0.9428570"," 6","0.9950000"
"LEemVewWMPAqsm3Vo3Am1z","c168d40e","2016-11-24 06:50:02","2"," 6","0.6000000"," 2","0.9714290"
"LEemVewWMPAqsm3Vo3Am1z","2bf900a6","2016-10-13 07:32:06","2"," 4","0.7437500"," 4","0.5000000"
"LEemVewWMPAqsm3Vo3Am1z","8316116","2016-03-17 02:49:35","0"," 6","1.0000000"," 4","0.9937500"
"LEemVewWMPAqsm3Vo3Am1z","8c9895f6","2016-02-17 15:51:18","0"," 6","1.0000000"," 6","1.0000000"
"LEemVewWMPAqsm3Vo3Am1z","1b4268e3","2017-04-10 07:52:35","2"," 4","0.0900000"," 4","0.9571430"
"LEemVewWMPAqsm3Vo3Am1z","cfdf3d2a","2016-11-22 22:15:32","0"," 4","0.2000000"," 6","0.2760000"
"LEemVewWMPAqsm3Vo3Am1z","e4f27b8","2017-05-13 10:10:04","0"," 6","0.9862500"," 5","0.9925000"
"LEemVewWMPAqsm3Vo3Am1z","d2c32bd","2016-02-04 00:20:37","2"," 6","1.0000000"," 3","0.9821429"
"LEemVewWMPAqsm3Vo3Am1z","9a68c065","2017-01-17 14:03:06","2"," 6","1.0000000"," 4","1.0000000"
"LEemVewWMPAqsm3Vo3Am1z","e6af0269","2016-03-29 05:20:42","0"," 1","1.0000000"," 4","0.9005357"
"LEemVewWMPAqsm3Vo3Am1z","b6280c78","2016-09-17 22:26:33","2"," 4","1.0000000"," 4","1.0000000"
"LEemVewWMPAqsm3Vo3Am1z","980c9a2d","2016-06-07 02:02:20","2"," 4","0.9600000"," 4","0.9702500"
"LEemVewWMPAqsm3Vo3Am1z","1e208de7","2017-01-03 11:24:42","2"," 6","0.9285710"," 4","1.0000000"
"LEemVewWMPAqsm3Vo3Am1z","dd6f2974","2017-05-20 19:11:25","2"," 4","0.9950000"," 6","0.9266670"
"LEemVewWMPAqsm3Vo3Am1z","63b2d11f","2016-02-25 03:04:33","2"," 6","1.0000000"," 6","1.0000000"
"LEemVewWMPAqsm3Vo3Am1z","337d4e6c","2017-02-09 08:49:30","2"," 3","0.7315000"," 6","0.9380950"
"LEemVewWMPAqsm3Vo3Am1z","f423aef6","2016-01-17 21:53:27","0"," 4","0.9714290"," 6","0.6000000"
"LEemVewWMPAqsm3Vo3Am1z","9f6e4838","2016-02-04 03:48:56","0"," 6","0.9575000"," 4","0.9857140"
"LEemVewWMPAqsm3Vo3Am1z","3cd81125","2017-03-24 06:41:15","0"," 6","0.9380950"," 4","0.7387500"
"LEemVewWMPAqsm3Vo3Am1z","a9ce7ef3","2016-02-03 15:19:22","2"," 4","0.9857140"," 6","0.6000000"
"LEemVewWMPAqsm3Vo3Am1z","cb16f70f","2016-03-02 21:50:48","2"," 4","0.9314290"," 6","0.6000000"
"LEemVewWMPAqsm3Vo3Am1z","aa1386f3","2017-06-19 18:15:44","2"," 6","0.9775000"," 4","0.5666670"
"LEemVewWMPAqsm3Vo3Am1z","7698bc46","2017-04-03 21:18:00","2"," 6","1.0000000"," 4","1.0000000"
"LEemVewWMPAqsm3Vo3Am1z","4d2d91c5","2017-04-07 21:41:22","2"," 4","0.9821429"," 1","0.9666670"
"LEemVewWMPAqsm3Vo3Am1z","ed702660","2017-01-23 22:35:23","2"," 4","0.9666670"," 6","1.0000000"
"LEemVewWMPAqsm3Vo3Am1z","be5d2956","2016-03-02 22:55:55","0"," 3","0.9571430"," 4","0.6000000"
"LEemVewWMPAqsm3Vo3Am1z","9aebd4c4","2016-05-31 21:51:48","0"," 4","1.0000000"," 6","0.9937500"
"LEemVewWMPAqsm3Vo3Am1z","ad82d4d4","2017-03-26 19:14:28","2"," 4","0.9857140"," 6","0.9758930"
"LEemVewWMPAqsm3Vo3Am1z","cc0298a","2017-08-12 14:03:22","2"," 4","0.9758928"," 6","0.9857140"
"LEemVewWMPAqsm3Vo3Am1z","f37df6eb","2016-05-25 05:39:59","0"," 6","1.0000000"," 4","1.0000000"
"LEemVewWMPAqsm3Vo3Am1z","e8e1db50","2016-07-02 00:50:50","2"," 4","1.0000000"," 4","0.9633930"
"LEemVewWMPAqsm3Vo3Am1z","f46eaa10","2017-02-24 20:11:15","2"," 6","0.9428570"," 4","0.9714290"
"LEemVewWMPAqsm3Vo3Am1z","7ab18b63","2016-08-23 21:59:30","0"," 6","0.7500000"," 4","1.0000000"
"LEemVewWMPAqsm3Vo3Am1z","cea21b3a","2016-03-01 20:51:49","2"," 3","0.9837500"," 4","0.9937500"
"LEemVewWMPAqsm3Vo3Am1z","9c905e34","2016-02-17 10:19:35","2"," 5","0.9850710"," 4","0.4000000"
"LEemVewWMPAqsm3Vo3Am1z","63c9fae9","2016-03-15 01:21:25","0"," 4","0.1200000"," 4","0.3000000"
"LEemVewWMPAqsm3Vo3Am1z","dc8a9a52","2016-09-05 01:50:44","2"," 3","1.0000000"," 3","0.9877500"
"LEemVewWMPAqsm3Vo3Am1z","3a2a97fe","2016-05-31 08:52:00","2"," 4","0.9571430"," 4","0.9642857"
"LEemVewWMPAqsm3Vo3Am1z","b7cc1a83","2016-09-14 16:50:17","2"," 4","0.9666670"," 6","0.0000000"
"LEemVewWMPAqsm3Vo3Am1z","8840375d","2017-01-29 04:45:22","0"," 6","0.6000000"," 3","0.9857140"
"LEemVewWMPAqsm3Vo3Am1z","677c763f","2016-04-04 16:24:14","0"," 4","0.9387500"," 5","0.3000000"
"LEemVewWMPAqsm3Vo3Am1z","30c27cee","2016-02-02 16:21:49","0"," 6","0.8695240"," 3","0.9825000"
"LEemVewWMPAqsm3Vo3Am1z","416a92b4","2017-01-26 23:12:34","2"," 6","0.9857140"," 1","0.6000000"
"LEemVewWMPAqsm3Vo3Am1z","48c70804","2016-04-28 01:49:52","0"," 6","0.9666670"," 4","1.0000000"
"LEemVewWMPAqsm3Vo3Am1z","c7f0e1b0","2017-10-04 20:14:09","2"," 6","0.9666670"," 4","1.0000000"
"LEemVewWMPAqsm3Vo3Am1z","fe475c71","2016-03-30 02:49:55","2"," 4","0.9825000"," 2","0.9600000"
"LEemVewWMPAqsm3Vo3Am1z","76ce6bc7","2016-01-05 04:28:22","0"," 4","1.0000000"," 5","1.0000000"
"LEemVewWMPAqsm3Vo3Am1z","f065eac2","2016-02-23 15:15:23","2"," 4","1.0000000"," 6","0.9666670"
"LEemVewWMPAqsm3Vo3Am1z","f9bda5bd","2016-02-06 02:45:25","2"," 3","0.9571430"," 0","0.9692500"
"LEemVewWMPAqsm3Vo3Am1z","ebe717ff","2017-08-06 17:20:22","2"," 3","0.9857140"," 3","1.0000000"
"LEemVewWMPAqsm3Vo3Am1z","24b5b09","2017-08-20 04:22:05","2"," 6","0.9542857"," 3","0.6000000"
"LEemVewWMPAqsm3Vo3Am1z","e3b5cc74","2016-12-12 17:15:59","0"," 4","1.0000000"," 2","0.9817500"
"LEemVewWMPAqsm3Vo3Am1z","2b1ae228","2017-03-09 07:10:39","2"," 4","1.0000000"," 6","1.0000000"
"LEemVewWMPAqsm3Vo3Am1z","c4894ab1","2016-04-29 23:21:17","2"," 6","0.9417857"," 6","1.0000000"
"LEemVewWMPAqsm3Vo3Am1z","a900e667","2016-08-11 07:46:35","2"," 4","0.9857140"," 4","1.0000000"
"LEemVewWMPAqsm3Vo3Am1z","b62adc39","2016-04-07 18:52:34","2"," 4","1.0000000"," 3","0.9940000"
"LEemVewWMPAqsm3Vo3Am1z","3c5aed53","2017-07-12 09:13:59","2"," 4","0.9857140"," 6","1.0000000"
"LEemVewWMPAqsm3Vo3Am1z","72006d09","2016-04-09 07:17:55","2"," 6","0.2000000"," 4","0.9820000"
"LEemVewWMPAqsm3Vo3Am1z","8f1df901","2016-11-21 07:38:15","2"," 4","1.0000000"," 6","0.9171430"
"LEemVewWMPAqsm3Vo3Am1z","da1a0d3d","2017-05-20 22:10:55","2"," 6","0.6000000"," 5","0.9123810"
"LEemVewWMPAqsm3Vo3Am1z","dd8b55c4","2017-01-31 21:38:19","2"," 6","0.9875000"," 4","0.9700000"
"LEemVewWMPAqsm3Vo3Am1z","a39ec4a0","2017-09-06 15:30:46","2"," 4","1.0000000"," 6","0.4125000"
"LEemVewWMPAqsm3Vo3Am1z","71558c2","2017-08-17 07:46:48","2"," 4","0.7500000"," 4","1.0000000"
"LEemVewWMPAqsm3Vo3Am1z","990badbe","2016-03-02 15:20:31","2"," 5","1.0000000"," 1","0.8917860"
"LEemVewWMPAqsm3Vo3Am1z","f095d4ef","2016-03-16 22:49:06","0"," 4","1.0000000"," 5","0.9714290"
"LEemVewWMPAqsm3Vo3Am1z","f961ece","2017-02-20 10:43:30","2"," 6","1.0000000"," 3","0.9571430"
"LEemVewWMPAqsm3Vo3Am1z","2d98b52e","2016-10-26 12:52:08","2"," 6","1.0000000"," 6","0.6000000"
"LEemVewWMPAqsm3Vo3Am1z","b2657471","2016-01-09 10:48:32","2"," 4","1.0000000"," 4","0.9812500"
"LEemVewWMPAqsm3Vo3Am1z","597921dc","2017-04-27 08:11:27","2"," 6","0.9714290"," 6","0.9787500"
"LEemVewWMPAqsm3Vo3Am1z","78bf632d","2016-05-28 09:20:11","2"," 1","1.0000000"," 6","0.9875000"
"LEemVewWMPAqsm3Vo3Am1z","4ac7fc64","2016-08-24 11:05:15","2"," 6","0.7437500"," 4","1.0000000"
"LEemVewWMPAqsm3Vo3Am1z","91de25ba","2016-04-01 14:20:25","2"," 4","1.0000000"," 6","1.0000000"
"LEemVewWMPAqsm3Vo3Am1z","f6821195","2016-03-28 01:10:22","2"," 4","1.0000000"," 3","0.9464286"
"LEemVewWMPAqsm3Vo3Am1z","f132fdf1","2016-09-21 07:19:22","2"," 1","0.9666670"," 6","1.0000000"
"LEemVewWMPAqsm3Vo3Am1z","d8fbca63","2017-04-17 03:27:42","2"," 2","0.6000000"," 6","0.9632500"
"LEemVewWMPAqsm3Vo3Am1z","a2249d5b","2016-02-02 14:49:34","2"," 6","0.9666670"," 4","1.0000000"
"LEemVewWMPAqsm3Vo3Am1z","f8781d5f","2017-08-20 04:09:45","0"," 6","0.9937500"," 5","0.9642857"
"LEemVewWMPAqsm3Vo3Am1z","cf7363ff","2016-02-18 00:19:58","0"," 6","0.9857140"," 4","0.9583929"
"LEemVewWMPAqsm3Vo3Am1z","73767b9f","2017-05-17 02:12:07","2"," 4","0.5500000"," 6","1.0000000"
"LEemVewWMPAqsm3Vo3Am1z","7fef1621","2016-02-02 12:49:29","2"," 4","0.4000000"," 6","0.9600000"
"LEemVewWMPAqsm3Vo3Am1z","7b7a6685","2017-09-15 11:15:34","2"," 4","0.9857140"," 4","0.9666670"
"LEemVewWMPAqsm3Vo3Am1z","6644350e","2016-04-22 14:36:09","2"," 3","0.2000000"," 4","0.9875000"
"LEemVewWMPAqsm3Vo3Am1z","a8ba42bb","2016-03-26 14:49:49","2"," 3","0.9714290"," 4","1.0000000"
"LEemVewWMPAqsm3Vo3Am1z","8d236a02","2016-06-07 10:34:18","2"," 3","0.1600000"," 4","0.7500000"
"LEemVewWMPAqsm3Vo3Am1z","cf087378","2016-04-05 20:52:27","0"," 4","0.7500000"," 3","0.9500000"
"LEemVewWMPAqsm3Vo3Am1z","248ab0d3","2016-07-09 16:21:26","2"," 4","0.9707500"," 4","0.9266670"
"LEemVewWMPAqsm3Vo3Am1z","609774b8","2016-04-28 00:49:31","2"," 4","1.0000000"," 4","0.6000000"
"LEemVewWMPAqsm3Vo3Am1z","664ddf8a","2016-01-21 07:47:44","0"," 6","1.0000000"," 4","1.0000000"
"LEemVewWMPAqsm3Vo3Am1z","cbf7f843","2016-05-24 03:04:36","2"," 4","1.0000000"," 4","0.9750000"
"LEemVewWMPAqsm3Vo3Am1z","2df691dd","2016-05-09 05:20:10","2"," 6","1.0000000"," 6","1.0000000"
"LEemVewWMPAqsm3Vo3Am1z","eeb87b96","2016-04-06 13:22:38","2"," 2","0.9537500"," 6","0.0800000"
"LEemVewWMPAqsm3Vo3Am1z","46829ac7","2016-05-12 05:32:23","2"," 4","0.9850000"," 6","0.9857140"
"LEemVewWMPAqsm3Vo3Am1z","c977f26c","2016-05-19 06:50:18","2"," 4","0.9600000"," 5","0.9571430"
"LEemVewWMPAqsm3Vo3Am1z","10fb0a35","2016-11-30 02:02:46","2"," 4","1.0000000"," 5","0.9857140"
"LEemVewWMPAqsm3Vo3Am1z","8c536823","2016-02-02 17:36:49","2"," 3","1.0000000"," 2","0.9758928"
"LEemVewWMPAqsm3Vo3Am1z","f3557697","2016-07-11 02:39:51","2"," 6","0.9821429"," 6","1.0000000"
"LEemVewWMPAqsm3Vo3Am1z","6d35b826","2017-01-26 17:39:38","2"," 6","1.0000000"," 4","1.0000000"
"LEemVewWMPAqsm3Vo3Am1z","ceae8e45","2016-08-16 08:16:33","2"," 4","1.0000000"," 4","1.0000000"
"LEemVewWMPAqsm3Vo3Am1z","448c49f1","2016-05-31 17:23:15","2"," 4","0.9950000"," 6","0.8285710"
"LEemVewWMPAqsm3Vo3Am1z","457601fe","2016-02-03 15:49:14","2"," 4","0.9857140"," 4","0.9325000"
"LEemVewWMPAqsm3Vo3Am1z","67227641","2016-09-27 09:33:29","2"," 4","0.9642857"," 6","0.9857140"
"LEemVewWMPAqsm3Vo3Am1z","1f54b18c","2016-02-23 18:23:37","2"," 3","0.9428570"," 4","1.0000000"
"LEemVewWMPAqsm3Vo3Am1z","34a92ef3","2017-03-12 19:12:05","0"," 6","1.0000000"," 1","0.9576430"
"LEemVewWMPAqsm3Vo3Am1z","f0f276ee","2017-04-04 06:22:15","2"," 3","1.0000000"," 6","1.0000000"
"LEemVewWMPAqsm3Vo3Am1z","4cfa81f7","2016-02-02 17:49:33","2"," 2","1.0000000"," 4","0.5100000"
"LEemVewWMPAqsm3Vo3Am1z","75025580","2016-05-02 12:24:49","2"," 4","1.0000000"," 0","0.9800000"
"LEemVewWMPAqsm3Vo3Am1z","bf4d5243","2017-07-28 15:02:00","0"," 4","0.9642860"," 6","0.9714290"
"LEemVewWMPAqsm3Vo3Am1z","51947460","2016-03-03 05:49:37","2"," 4","0.9571430"," 3","0.9714290"
"LEemVewWMPAqsm3Vo3Am1z","122c6df8","2017-05-07 15:56:41","2"," 4","0.8980950"," 4","0.9857140"
"LEemVewWMPAqsm3Vo3Am1z","a1ee2c5b","2016-01-26 01:02:08","2"," 6","1.0000000"," 6","0.8857140"
"LEemVewWMPAqsm3Vo3Am1z","156cd769","2016-08-21 02:44:12","2"," 6","0.9238100"," 4","0.6000000"
"LEemVewWMPAqsm3Vo3Am1z","a4b84126","2017-05-27 21:11:21","2"," 4","0.9857140"," 3","1.0000000"
"LEemVewWMPAqsm3Vo3Am1z","31c67de3","2016-06-03 13:47:30","0"," 3","0.9857140"," 3","0.5600000"
"LEemVewWMPAqsm3Vo3Am1z","65b111dc","2016-05-31 03:47:07","0"," 3","0.7380000"," 6","0.9462500"
"LEemVewWMPAqsm3Vo3Am1z","6c0cca31","2016-01-11 01:11:47","0"," 1","0.9714290"," 4","0.9666670"
"LEemVewWMPAqsm3Vo3Am1z","75906846","2016-03-31 07:49:58","2"," 4","0.9666670"," 1","1.0000000"
"LEemVewWMPAqsm3Vo3Am1z","6afa534d","2017-08-21 04:33:40","2"," 6","0.9512500"," 6","0.5666670"
"LEemVewWMPAqsm3Vo3Am1z","f21220f9","2017-03-01 18:02:47","2"," 3","0.5500000"," 0","0.9857140"
"LEemVewWMPAqsm3Vo3Am1z","dd73c977","2016-01-05 18:43:58","2"," 4","1.0000000"," 6","0.6000000"
"LEemVewWMPAqsm3Vo3Am1z","68882d49","2016-05-26 13:55:30","2"," 1","0.6000000"," 4","0.9857140"
"LEemVewWMPAqsm3Vo3Am1z","a96339fe","2016-11-13 11:48:45","2"," 4","0.3666670"," 6","1.0000000"
"LEemVewWMPAqsm3Vo3Am1z","fa4d6a3d","2016-02-07 09:48:59","0"," 4","0.9857140"," 4","0.9857140"
"LEemVewWMPAqsm3Vo3Am1z","23bed67a","2016-03-10 14:20:19","2"," 5","0.9748214"," 4","0.9666670"
"LEemVewWMPAqsm3Vo3Am1z","e79236a5","2016-02-03 21:49:12","2"," 6","0.9421430"," 1","0.6000000"
"LEemVewWMPAqsm3Vo3Am1z","7a3c5490","2016-11-01 00:48:22","2"," 6","0.9525000"," 6","0.5500000"
"LEemVewWMPAqsm3Vo3Am1z","8da57b7a","2016-03-03 04:08:04","2"," 4","0.9285710"," 4","0.9428570"
"LEemVewWMPAqsm3Vo3Am1z","2cf7911","2016-06-26 18:22:17","2"," 4","0.6000000"," 4","0.9285710"
"LEemVewWMPAqsm3Vo3Am1z","7e4e0ca6","2016-12-19 19:14:07","0"," 4","0.9666670"," 6","1.0000000"
"LEemVewWMPAqsm3Vo3Am1z","e84b19ca","2016-07-30 22:46:52","2"," 6","1.0000000"," 6","0.7215000"
"LEemVewWMPAqsm3Vo3Am1z","d988b889","2016-05-11 22:49:27","2"," 6","0.9475000"," 2","0.6000000"
"LEemVewWMPAqsm3Vo3Am1z","16d2ad28","2017-06-12 14:14:57","2"," 4","0.5000000"," 6","0.9500000"
"LEemVewWMPAqsm3Vo3Am1z","b855e8e6","2017-01-04 13:05:33","2"," 6","0.9421428"," 6","0.9571430"
"LEemVewWMPAqsm3Vo3Am1z","a7e4402b","2017-01-16 14:53:02","2"," 6","0.9857140"," 4","1.0000000"
"LEemVewWMPAqsm3Vo3Am1z","98de934f","2017-01-22 21:35:48","2"," 4","1.0000000"," 0","0.2000000"
"LEemVewWMPAqsm3Vo3Am1z","2593c0d","2016-06-14 14:14:27","2"," 5","0.9857143"," 6","1.0000000"
"LEemVewWMPAqsm3Vo3Am1z","5e5cf2be","2016-03-01 12:50:54","0"," 4","0.9821429"," 6","0.5637500"
"LEemVewWMPAqsm3Vo3Am1z","61031e34","2017-09-30 21:48:57","2"," 6","0.8857140"," 4","0.9266670"
"LEemVewWMPAqsm3Vo3Am1z","2509361d","2016-04-20 03:18:55","2"," 4","0.6000000"," 4","1.0000000"
"LEemVewWMPAqsm3Vo3Am1z","e0284cb9","2017-03-14 18:11:57","2"," 6","1.0000000"," 4","0.1200000"
"LEemVewWMPAqsm3Vo3Am1z","ca1a084e","2016-02-04 10:57:52","2"," 4","1.0000000"," 4","0.9428570"
"LEemVewWMPAqsm3Vo3Am1z","34e1481c","2017-05-28 02:42:00","0"," 4","0.5666670"," 6","0.9877500"
"LEemVewWMPAqsm3Vo3Am1z","be7f886e","2016-02-02 14:36:52","2"," 1","0.9857140"," 4","0.9666670"
"LEemVewWMPAqsm3Vo3Am1z","42508412","2017-09-11 21:13:24","1"," 4","0.8838100"," 4","1.0000000"
"LEemVewWMPAqsm3Vo3Am1z","2d99d599","2017-10-03 22:16:18","0"," 4","0.9825000"," 4","1.0000000"
"LEemVewWMPAqsm3Vo3Am1z","de396b00","2017-05-26 15:11:50","2"," 1","1.0000000"," 3","0.9900000"
"LEemVewWMPAqsm3Vo3Am1z","639d4b6a","2016-01-19 19:58:29","2"," 4","1.0000000"," 1","1.0000000"
"LEemVewWMPAqsm3Vo3Am1z","8a3df4fc","2016-05-18 12:20:12","2"," 6","0.9266670"," 4","1.0000000"
"LEemVewWMPAqsm3Vo3Am1z","44b0cb79","2016-02-02 21:18:56","2"," 1","1.0000000"," 6","0.5666670"
"LEemVewWMPAqsm3Vo3Am1z","3fa3d53e","2017-06-19 11:08:16","2"," 0","0.9821429"," 6","0.0000000"
"LEemVewWMPAqsm3Vo3Am1z","5fd07859","2017-07-27 23:16:18","0"," 4","1.0000000"," 6","1.0000000"
"LEemVewWMPAqsm3Vo3Am1z","b465f7c6","2017-07-02 15:13:07","0"," 6","1.0000000"," 4","0.9880000"
"LEemVewWMPAqsm3Vo3Am1z","2cb9a11e","2016-08-11 17:16:53","2"," 2","0.2880000"," 4","0.9900000"
"LEemVewWMPAqsm3Vo3Am1z","f767c0aa","2016-03-16 01:19:54","2"," 6","0.1500000"," 6","0.6000000"
"LEemVewWMPAqsm3Vo3Am1z","3ded234e","2017-06-25 19:13:05","0"," 4","0.6000000"," 6","1.0000000"
"LEemVewWMPAqsm3Vo3Am1z","2c051c53","2016-10-19 02:17:24","2"," 3","0.4325000"," 3","0.9642857"
"LEemVewWMPAqsm3Vo3Am1z","793b3845","2016-09-17 20:50:52","2"," 6","0.9821429"," 6","0.1500000"
"LEemVewWMPAqsm3Vo3Am1z","8762cadf","2016-04-26 19:49:59","2"," 4","1.0000000"," 0","0.1500000"
"LEemVewWMPAqsm3Vo3Am1z","f71da4e1","2016-06-21 00:30:13","0"," 6","0.6000000"," 4","0.5275000"
"LEemVewWMPAqsm3Vo3Am1z","578f47c8","2017-09-13 03:13:53","0"," 6","0.4500000"," 3","0.9755000"
"LEemVewWMPAqsm3Vo3Am1z","db3b492a","2016-09-15 07:57:20","0"," 4","0.9251429"," 6","1.0000000"
"LEemVewWMPAqsm3Vo3Am1z","5c0d6cd2","2017-07-21 00:14:59","0"," 3","0.9562500"," 4","0.9600000"
"LEemVewWMPAqsm3Vo3Am1z","709fa114","2017-10-02 06:06:39","0"," 4","0.2817500"," 5","1.0000000"
"LEemVewWMPAqsm3Vo3Am1z","6a97d2d7","2016-09-18 18:44:47","0"," 4","1.0000000"," 6","0.5600000"
"LEemVewWMPAqsm3Vo3Am1z","acffa16","2016-02-04 00:20:36","0"," 4","1.0000000"," 4","1.0000000"
"LEemVewWMPAqsm3Vo3Am1z","bc30bdd6","2017-05-04 08:11:50","2"," 4","1.0000000"," 4","0.9714290"
"LEemVewWMPAqsm3Vo3Am1z","33f5af41","2016-07-06 04:51:17","2"," 6","0.9857140"," 4","1.0000000"
"LEemVewWMPAqsm3Vo3Am1z","1de4a22d","2017-07-13 03:14:07","2"," 4","1.0000000"," 4","0.9950000"
"LEemVewWMPAqsm3Vo3Am1z","326254e6","2016-05-31 02:52:42","2"," 4","0.9821429"," 6","0.9758928"
"LEemVewWMPAqsm3Vo3Am1z","c1c752d","2017-07-16 17:02:08","2"," 6","1.0000000"," 6","1.0000000"
"LEemVewWMPAqsm3Vo3Am1z","c5b169c5","2016-04-21 17:18:44","0"," 4","0.9314290"," 6","0.5687500"
"LEemVewWMPAqsm3Vo3Am1z","53e7d6fa","2016-02-18 01:13:14","2"," 6","0.9940000"," 4","0.9092857"
"LEemVewWMPAqsm3Vo3Am1z","6225a26b","2016-03-03 08:50:23","2"," 0","0.9000000"," 3","0.9642857"
"LEemVewWMPAqsm3Vo3Am1z","5e30fb45","2016-12-30 05:33:47","2"," 4","0.9571430"," 4","0.9607500"
"LEemVewWMPAqsm3Vo3Am1z","5f0ef920","2017-09-21 15:17:37","0"," 4","0.6000000"," 4","0.9875000"
"LEemVewWMPAqsm3Vo3Am1z","1088bef2","2017-04-11 03:17:48","2"," 2","0.9266670"," 6","0.9428570"
"LEemVewWMPAqsm3Vo3Am1z","98f15827","2017-08-23 18:21:50","0"," 4","0.9272857"," 4","1.0000000"
"LEemVewWMPAqsm3Vo3Am1z","f57ab582","2016-02-03 04:49:43","2"," 4","0.9857140"," 4","0.9571430"
"LEemVewWMPAqsm3Vo3Am1z","21a0e9bf","2016-03-27 19:52:28","2"," 4","0.9857140"," 6","0.5666670"
"LEemVewWMPAqsm3Vo3Am1z","eaf8dadb","2016-03-31 07:49:57","0"," 4","0.9292860"," 6","0.6523810"
"LEemVewWMPAqsm3Vo3Am1z","2ef06ff1","2017-05-09 00:12:52","0"," 3","1.0000000"," 4","0.2000000"
"LEemVewWMPAqsm3Vo3Am1z","20bd4ada","2017-09-07 05:00:42","2"," 6","0.6000000"," 4","0.9800000"
"LEemVewWMPAqsm3Vo3Am1z","92a859fe","2016-12-19 15:03:42","2"," 4","1.0000000"," 0","1.0000000"
"LEemVewWMPAqsm3Vo3Am1z","db13dbfe","2016-02-04 02:48:56","2"," 6","1.0000000"," 6","1.0000000"
"LEemVewWMPAqsm3Vo3Am1z","7795c0ac","2017-07-26 15:18:08","2"," 6","0.9775000"," 5","0.9758930"
"LEemVewWMPAqsm3Vo3Am1z","d5898d2e","2016-07-26 16:45:39","2"," 4","0.9721429"," 3","0.6000000"
"LEemVewWMPAqsm3Vo3Am1z","195d672e","2017-02-20 11:11:32","0"," 6","0.9714290"," 4","0.4500000"
"LEemVewWMPAqsm3Vo3Am1z","9369e97d","2016-04-07 07:51:43","2"," 6","0.9238100"," 6","0.9666670"
"LEemVewWMPAqsm3Vo3Am1z","ea776077","2016-03-08 22:50:29","0"," 6","1.0000000"," 4","1.0000000"
"LEemVewWMPAqsm3Vo3Am1z","37b1399c","2016-10-03 16:58:56","0"," 4","0.9817500"," 6","1.0000000"
"LEemVewWMPAqsm3Vo3Am1z","87a119ef","2016-04-14 03:20:59","2"," 6","1.0000000"," 6","0.9642860"
"LEemVewWMPAqsm3Vo3Am1z","d8705d36","2016-05-03 23:49:00","0"," 3","0.9580357"," 4","0.9380950"
"LEemVewWMPAqsm3Vo3Am1z","dca31f77","2016-09-13 12:19:12","2"," 6","1.0000000"," 0","0.9387500"
"LEemVewWMPAqsm3Vo3Am1z","6946f9ac","2017-02-26 00:12:08","2"," 6","0.9825000"," 6","0.9642857"
"LEemVewWMPAqsm3Vo3Am1z","b7c6e327","2016-06-27 16:13:55","2"," 4","1.0000000"," 6","0.9752500"
"LEemVewWMPAqsm3Vo3Am1z","75a2f7ea","2016-06-01 16:52:57","2"," 4","0.9571430"," 6","0.4325000"
"LEemVewWMPAqsm3Vo3Am1z","fcd2ca68","2017-02-21 00:13:25","2"," 4","0.9522857"," 6","0.9937500"
"LEemVewWMPAqsm3Vo3Am1z","a9d9f1b3","2016-03-11 01:41:48","2"," 6","1.0000000"," 4","1.0000000"
"LEemVewWMPAqsm3Vo3Am1z","b960a705","2017-03-24 11:11:41","0"," 6","1.0000000"," 6","0.9383929"
"LEemVewWMPAqsm3Vo3Am1z","b9e5d3d0","2016-11-08 16:44:40","2"," 4","0.9642860"," 1","1.0000000"
"LEemVewWMPAqsm3Vo3Am1z","977e50af","2016-02-02 10:52:13","2"," 3","1.0000000"," 4","1.0000000"
"LEemVewWMPAqsm3Vo3Am1z","5311605d","2017-03-20 06:19:03","2"," 6","1.0000000"," 6","0.8482143"
"LEemVewWMPAqsm3Vo3Am1z","7c924c85","2016-04-11 15:54:38","0"," 4","0.9130360"," 6","0.9521428"
"LEemVewWMPAqsm3Vo3Am1z","593183b5","2017-04-30 21:16:40","2"," 4","1.0000000"," 6","0.5266670"
"LEemVewWMPAqsm3Vo3Am1z","bf82c64e","2016-04-29 07:18:38","0"," 0","0.9428570"," 6","0.9714290"
"LEemVewWMPAqsm3Vo3Am1z","3d905aa8","2016-01-10 03:35:16","2"," 4","1.0000000"," 4","1.0000000"
"LEemVewWMPAqsm3Vo3Am1z","4d7f6b9a","2016-05-25 12:22:51","2"," 6","1.0000000"," 4","0.9600000"
"LEemVewWMPAqsm3Vo3Am1z","f83600f5","2016-02-04 08:17:48","2"," 4","0.6000000"," 4","0.9758928"
"LEemVewWMPAqsm3Vo3Am1z","d54e4518","2017-03-14 05:12:49","2"," 6","1.0000000"," 4","0.7500000"
"LEemVewWMPAqsm3Vo3Am1z","11be0ae0","2016-02-21 21:51:40","2"," 4","0.1600000"," 6","0.9701428"
"LEemVewWMPAqsm3Vo3Am1z","e9d34249","2016-06-06 18:09:08","2"," 4","1.0000000"," 4","0.9714290"
"LEemVewWMPAqsm3Vo3Am1z","5d178e41","2017-08-14 17:31:02","0"," 4","1.0000000"," 6","0.9937500"
"LEemVewWMPAqsm3Vo3Am1z","6c6f4813","2016-04-21 19:49:58","0"," 3","1.0000000"," 4","0.9714290"
"LEemVewWMPAqsm3Vo3Am1z","955d35bd","2017-10-03 21:54:10","2"," 3","0.9925000"," 4","0.9493210"
"LEemVewWMPAqsm3Vo3Am1z","be1f8dd0","2017-09-05 00:13:23","2"," 4","1.0000000"," 4","0.6000000"
"LEemVewWMPAqsm3Vo3Am1z","120f00f0","2016-01-18 09:51:11","0"," 4","0.6000000"," 4","0.9347500"
"LEemVewWMPAqsm3Vo3Am1z","8ed3867","2016-03-14 23:49:45","2"," 6","0.9712500"," 2","1.0000000"
"LEemVewWMPAqsm3Vo3Am1z","27d21637","2016-03-30 23:49:37","2"," 4","0.9670000"," 6","0.9571430"
"LEemVewWMPAqsm3Vo3Am1z","4f89552b","2017-03-19 22:41:06","2"," 4","0.0240000"," 6","1.0000000"
"LEemVewWMPAqsm3Vo3Am1z","ab9ca233","2016-08-30 08:17:54","0"," 4","0.9900000"," 4","0.5660000"
"LEemVewWMPAqsm3Vo3Am1z","735649e8","2017-05-07 04:29:02","0"," 4","0.4766670"," 6","0.2000000"
"LEemVewWMPAqsm3Vo3Am1z","6acc8325","2017-03-23 10:14:00","2"," 4","0.6000000"," 6","0.9596428"
"LEemVewWMPAqsm3Vo3Am1z","6073d09f","2017-09-26 03:15:32","2"," 6","1.0000000"," 4","1.0000000"
"LEemVewWMPAqsm3Vo3Am1z","dcc0fe70","2017-02-09 05:20:07","2"," 6","0.9812500"," 6","0.9937500"
"LEemVewWMPAqsm3Vo3Am1z","479f6e4c","2016-02-28 03:43:02","2"," 3","0.3666670"," 4","1.0000000"
"LEemVewWMPAqsm3Vo3Am1z","627fce4e","2016-06-30 01:51:32","0"," 4","1.0000000"," 4","0.9600000"
"LEemVewWMPAqsm3Vo3Am1z","ab2d0b1b","2016-12-22 23:31:37","2"," 4","1.0000000"," 6","0.1500000"
"LEemVewWMPAqsm3Vo3Am1z","5e622b1c","2016-05-27 11:23:50","2"," 6","0.9800000"," 2","0.1500000"
"LEemVewWMPAqsm3Vo3Am1z","fb9f3b1f","2017-02-06 11:18:59","2"," 6","1.0000000"," 6","1.0000000"
"LEemVewWMPAqsm3Vo3Am1z","caf176a3","2016-03-02 03:20:33","0"," 4","0.9857140"," 5","0.9266670"
"LEemVewWMPAqsm3Vo3Am1z","447e35cf","2017-10-04 17:45:54","0"," 6","0.8571430"," 4","0.9890000"
"LEemVewWMPAqsm3Vo3Am1z","7dd95623","2017-01-16 11:03:07","2"," 4","0.5100000"," 1","1.0000000"
"LEemVewWMPAqsm3Vo3Am1z","77dbf43d","2017-05-28 14:12:26","2"," 6","0.9321429"," 6","1.0000000"
"LEemVewWMPAqsm3Vo3Am1z","695cca13","2017-06-10 17:13:46","2"," 6","1.0000000"," 4","1.0000000"
"LEemVewWMPAqsm3Vo3Am1z","8f81fd52","2016-02-18 05:49:30","0"," 4","0.9721429"," 4","0.9940000"
"LEemVewWMPAqsm3Vo3Am1z","94d92a10","2016-04-06 19:22:44","2"," 3","0.6000000"," 6","1.0000000"
"LEemVewWMPAqsm3Vo3Am1z","15c3b51a","2016-04-26 18:50:18","2"," 4","1.0000000"," 4","1.0000000"
"LEemVewWMPAqsm3Vo3Am1z","fe45f410","2017-09-24 19:14:12","1"," 6","1.0000000"," 3","0.9638929"
"LEemVewWMPAqsm3Vo3Am1z","1a1f837","2016-01-24 21:15:50","2"," 1","1.0000000"," 4","0.9721429"
"LEemVewWMPAqsm3Vo3Am1z","283230d7","2017-07-03 12:12:50","0"," 4","0.2900000"," 4","1.0000000"
"LEemVewWMPAqsm3Vo3Am1z","3c338df4","2016-03-02 21:26:01","2"," 6","0.4166670"," 3","0.9666670"
"LEemVewWMPAqsm3Vo3Am1z","2137d60a","2016-11-16 17:43:31","0"," 6","1.0000000"," 6","0.9877500"
"LEemVewWMPAqsm3Vo3Am1z","19db1964","2016-07-14 07:41:33","2"," 4","0.9737500"," 4","1.0000000"
"LEemVewWMPAqsm3Vo3Am1z","ee563e4a","2016-01-31 08:58:39","2"," 3","1.0000000"," 6","0.9857140"
"LEemVewWMPAqsm3Vo3Am1z","37ec7a03","2017-08-06 14:19:20","0"," 6","0.1500000"," 4","1.0000000"
"LEemVewWMPAqsm3Vo3Am1z","9a307faa","2017-08-08 21:22:48","2"," 4","1.0000000"," 4","0.8365000"
"LEemVewWMPAqsm3Vo3Am1z","7ebb873a","2016-02-04 07:18:04","0"," 3","0.9857140"," 4","0.6000000"
"LEemVewWMPAqsm3Vo3Am1z","a01f45d8","2017-07-07 17:16:15","2"," 3","0.9887500"," 4","0.6000000"
"LEemVewWMPAqsm3Vo3Am1z","d1c71496","2017-03-05 03:12:08","2"," 3","0.9587500"," 4","0.5790000"
"LEemVewWMPAqsm3Vo3Am1z","6d6b7e96","2016-02-14 01:21:55","2"," 4","0.9510000"," 6","0.9925000"
"LEemVewWMPAqsm3Vo3Am1z","710a7d1b","2016-04-18 01:51:38","2"," 3","0.1500000"," 3","0.0000000"
"LEemVewWMPAqsm3Vo3Am1z","8e891d95","2016-03-01 08:56:59","2"," 3","1.0000000"," 6","1.0000000"
"LEemVewWMPAqsm3Vo3Am1z","72705aa","2017-02-20 18:13:12","2"," 3","1.0000000"," 6","0.9571430"
"LEemVewWMPAqsm3Vo3Am1z","58c99322","2016-11-22 06:08:15","2"," 6","0.6000000"," 6","0.9571430"
"LEemVewWMPAqsm3Vo3Am1z","73f2692d","2017-07-04 01:14:53","0"," 6","0.4500000"," 4","1.0000000"
"LEemVewWMPAqsm3Vo3Am1z","57254945","2016-09-08 16:19:34","2"," 4","0.6000000"," 6","0.9666670"
"LEemVewWMPAqsm3Vo3Am1z","a86f5df7","2016-03-29 19:51:31","0"," 1","1.0000000"," 4","1.0000000"
"LEemVewWMPAqsm3Vo3Am1z","337114d1","2017-04-04 02:21:19","2"," 4","1.0000000"," 4","1.0000000"
"LEemVewWMPAqsm3Vo3Am1z","9edf4f0","2016-01-24 14:33:37","0"," 4","0.9600000"," 3","1.0000000"
"LEemVewWMPAqsm3Vo3Am1z","b1ef3ec","2016-03-01 14:51:55","2"," 6","0.9666670"," 4","0.6000000"
"LEemVewWMPAqsm3Vo3Am1z","a2fce726","2017-08-23 17:12:30","0"," 6","1.0000000"," 1","0.9285710"
"LEemVewWMPAqsm3Vo3Am1z","ebb59f35","2016-02-08 00:22:56","2"," 4","1.0000000"," 6","0.9428570"
"LEemVewWMPAqsm3Vo3Am1z","b4541c53","2017-01-17 10:01:29","2"," 4","1.0000000"," 6","0.9428570"
"LEemVewWMPAqsm3Vo3Am1z","2c15d14","2017-01-04 23:34:41","2"," 4","1.0000000"," 4","0.9666670"
"LEemVewWMPAqsm3Vo3Am1z","5f95afdb","2017-01-31 15:02:47","2"," 4","0.9671429"," 3","0.9630000"
"LEemVewWMPAqsm3Vo3Am1z","5884e4b4","2016-05-28 15:22:05","0"," 4","0.6000000"," 4","0.4000000"
"LEemVewWMPAqsm3Vo3Am1z","38db0f40","2017-02-25 09:58:48","2"," 1","0.9667500"," 4","0.9857140"
"LEemVewWMPAqsm3Vo3Am1z","a7911dbc","2017-05-01 23:29:52","2"," 6","0.9857140"," 4","1.0000000"
"LEemVewWMPAqsm3Vo3Am1z","771f3147","2017-07-05 05:13:36","2"," 4","0.9821429"," 4","1.0000000"
"LEemVewWMPAqsm3Vo3Am1z","bce1d80f","2016-03-07 09:44:15","2"," 4","0.3000000"," 6","0.9428570"
"LEemVewWMPAqsm3Vo3Am1z","7ac63083","2017-09-26 21:29:53","0"," 6","0.9900000"," 4","0.9937500"
"LEemVewWMPAqsm3Vo3Am1z","e10ffdc3","2016-07-09 07:40:39","2"," 6","0.9857140"," 5","0.9683928"
"LEemVewWMPAqsm3Vo3Am1z","7d2d4a0b","2016-05-17 08:20:35","2"," 4","0.9857140"," 6","0.9857140"
"LEemVewWMPAqsm3Vo3Am1z","4f72c156","2016-07-26 03:41:30","2"," 4","0.9837500"," 4","0.9642860"
"LEemVewWMPAqsm3Vo3Am1z","e1a5f40f","2017-09-04 20:07:48","2"," 4","0.9666670"," 6","0.3666670"
"LEemVewWMPAqsm3Vo3Am1z","cecf7e49","2017-03-12 05:11:12","2"," 4","0.9570000"," 6","0.9142860"
"LEemVewWMPAqsm3Vo3Am1z","280a6088","2017-09-10 03:12:43","0"," 4","1.0000000"," 6","0.9820000"
"LEemVewWMPAqsm3Vo3Am1z","6188d6da","2017-07-28 14:24:27","2"," 6","0.6000000"," 4","1.0000000"
"LEemVewWMPAqsm3Vo3Am1z","f8e64291","2016-05-10 02:00:31","2"," 4","0.1500000"," 4","1.0000000"
"LEemVewWMPAqsm3Vo3Am1z","70287205","2017-02-09 07:48:15","2"," 4","0.9714290"," 6","0.4000000"
"LEemVewWMPAqsm3Vo3Am1z","96180410","2016-03-15 00:19:40","0"," 4","1.0000000"," 6","0.9293930"
"LEemVewWMPAqsm3Vo3Am1z","b73ad2c3","2016-09-27 23:07:03","0"," 4","0.6000000"," 4","0.5687500"
"LEemVewWMPAqsm3Vo3Am1z","24e82c7c","2016-01-09 18:41:53","0"," 4","0.9857140"," 6","0.1260000"
"LEemVewWMPAqsm3Vo3Am1z","66de5889","2016-02-18 07:19:29","2"," 6","1.0000000"," 4","0.2000000"
"LEemVewWMPAqsm3Vo3Am1z","de803984","2016-09-01 07:50:05","2"," 4","0.8857140"," 4","0.7500000"
"LEemVewWMPAqsm3Vo3Am1z","b4a06596","2016-03-29 02:44:06","2"," 1","0.9765000"," 6","1.0000000"
"LEemVewWMPAqsm3Vo3Am1z","294dd243","2017-02-04 22:18:41","2"," 5","0.9875000"," 3","0.9937500"
"LEemVewWMPAqsm3Vo3Am1z","df2a8448","2016-06-26 11:20:17","2"," 4","0.9523810"," 4","0.9857140"
"LEemVewWMPAqsm3Vo3Am1z","3bc11451","2017-05-09 16:12:14","2"," 6","0.5266670"," 6","1.0000000"
"LEemVewWMPAqsm3Vo3Am1z","10439efe","2016-03-01 13:51:39","0"," 1","0.9714290"," 6","0.6000000"
"LEemVewWMPAqsm3Vo3Am1z","d40bf9e2","2017-08-14 21:02:11","0"," 6","1.0000000"," 4","0.2000000"
"LEemVewWMPAqsm3Vo3Am1z","ca49481c","2017-05-20 02:11:34","2"," 4","1.0000000"," 4","0.9638930"
"LEemVewWMPAqsm3Vo3Am1z","7d9e4729","2017-08-23 21:17:12","0"," 6","1.0000000"," 6","0.7302500"
"LEemVewWMPAqsm3Vo3Am1z","9b7f47e0","2016-02-03 21:19:25","0"," 6","1.0000000"," 5","0.9105360"
"LEemVewWMPAqsm3Vo3Am1z","f75144d0","2016-10-08 09:32:07","2"," 4","0.9266670"," 4","0.9755000"
"LEemVewWMPAqsm3Vo3Am1z","464b7a83","2017-03-21 15:15:51","2"," 6","0.9857140"," 6","0.6000000"
"LEemVewWMPAqsm3Vo3Am1z","4e69d9e8","2016-02-01 19:21:11","2"," 3","1.0000000"," 3","1.0000000"
"LEemVewWMPAqsm3Vo3Am1z","e2731bf6","2017-01-25 10:04:42","2"," 1","0.9171430"," 6","1.0000000"
"LEemVewWMPAqsm3Vo3Am1z","221eac33","2016-04-18 21:03:09","2"," 6","0.9940000"," 4","0.9758928"
"LEemVewWMPAqsm3Vo3Am1z","5c107c6d","2016-04-21 02:48:47","2"," 4","0.9714290"," 4","0.9666670"
"LEemVewWMPAqsm3Vo3Am1z","ece80b82","2016-06-05 05:13:58","2"," 4","0.6000000"," 1","1.0000000"
"LEemVewWMPAqsm3Vo3Am1z","d5a87183","2016-02-03 04:18:47","2"," 1","1.0000000"," 6","0.7265000"
"LEemVewWMPAqsm3Vo3Am1z","67b5b578","2016-04-08 01:24:38","2"," 4","1.0000000"," 3","1.0000000"
"LEemVewWMPAqsm3Vo3Am1z","a22d92da","2016-05-27 06:03:30","2"," 6","1.0000000"," 3","0.2000000"
"LEemVewWMPAqsm3Vo3Am1z","d53a90a5","2016-08-29 21:20:56","0"," 6","1.0000000"," 6","1.0000000"
"LEemVewWMPAqsm3Vo3Am1z","73842f77","2016-01-07 11:12:22","2"," 3","0.2940000"," 4","0.9530357"
"LEemVewWMPAqsm3Vo3Am1z","705630c8","2016-02-03 15:19:22","2"," 3","0.9580357"," 4","0.9857140"
"LEemVewWMPAqsm3Vo3Am1z","5efcf706","2017-01-08 13:47:29","2"," 4","0.9285710"," 1","1.0000000"
"LEemVewWMPAqsm3Vo3Am1z","2858122e","2016-06-29 11:50:42","0"," 3","0.2000000"," 4","0.7440000"
"LEemVewWMPAqsm3Vo3Am1z","7e06b3ce","2016-09-22 07:32:44","0"," 6","0.9581429"," 6","0.6000000"
"LEemVewWMPAqsm3Vo3Am1z","2d3ec7aa","2016-08-30 02:55:48","2"," 4","1.0000000"," 1","0.9457140"
"LEemVewWMPAqsm3Vo3Am1z","2aa95966","2017-10-02 12:38:50","2"," 6","1.0000000"," 4","0.9821429"
"LEemVewWMPAqsm3Vo3Am1z","c103a0ca","2017-06-28 00:14:32","2"," 4","1.0000000"," 4","0.9562500"
"LEemVewWMPAqsm3Vo3Am1z","cec4b591","2016-03-05 17:22:34","2"," 4","0.9857140"," 4","0.9714290"
"LEemVewWMPAqsm3Vo3Am1z","ad09c950","2016-06-22 12:35:19","2"," 6","1.0000000"," 4","0.7440000"
"LEemVewWMPAqsm3Vo3Am1z","baed23f5","2017-04-06 20:49:14","2"," 4","1.0000000"," 4","0.9476429"
"LEemVewWMPAqsm3Vo3Am1z","885048f2","2017-05-16 21:17:53","2"," 1","1.0000000"," 5","1.0000000"
"LEemVewWMPAqsm3Vo3Am1z","35fee4a","2017-02-18 19:09:09","2"," 4","0.9511428"," 4","0.9666670"
"LEemVewWMPAqsm3Vo3Am1z","9f54f2d8","2016-06-28 18:20:47","1"," 4","0.9900000"," 4","0.9937500"
"LEemVewWMPAqsm3Vo3Am1z","e2d3aa01","2017-04-27 02:11:21","2"," 6","0.2000000"," 4","1.0000000"
"LEemVewWMPAqsm3Vo3Am1z","3ac01275","2016-07-01 21:21:56","0"," 5","0.9480360"," 4","0.4000000"
"LEemVewWMPAqsm3Vo3Am1z","ccb156ab","2016-03-10 06:19:30","0"," 6","1.0000000"," 4","1.0000000"
"LEemVewWMPAqsm3Vo3Am1z","378c0c87","2017-06-21 10:12:13","0"," 4","1.0000000"," 6","1.0000000"
"LEemVewWMPAqsm3Vo3Am1z","bf5144d1","2016-07-17 15:03:14","1"," 6","0.9937500"," 4","1.0000000"
"LEemVewWMPAqsm3Vo3Am1z","ef1b87a","2017-09-19 00:19:35","2"," 6","0.9497500"," 1","0.9666670"
"LEemVewWMPAqsm3Vo3Am1z","2bebda7b","2016-03-12 04:48:27","2"," 4","1.0000000"," 4","0.9571430"
"LEemVewWMPAqsm3Vo3Am1z","77b02b5e","2017-04-24 10:44:29","2"," 6","0.9714290"," 4","0.9687500"
"LEemVewWMPAqsm3Vo3Am1z","d06ce294","2016-02-18 04:19:30","2"," 0","0.9857140"," 4","0.9617500"
"LEemVewWMPAqsm3Vo3Am1z","ad20413d","2016-11-14 08:08:04","2"," 4","1.0000000"," 6","0.2000000"
"LEemVewWMPAqsm3Vo3Am1z","a66fdab2","2016-04-16 22:19:53","2"," 4","0.9600000"," 4","0.9900000"
"LEemVewWMPAqsm3Vo3Am1z","f80ea79c","2017-08-14 01:08:40","2"," 6","1.0000000"," 6","0.2000000"
"LEemVewWMPAqsm3Vo3Am1z","844121fb","2016-07-17 08:40:03","0"," 6","0.9575000"," 6","1.0000000"
"LEemVewWMPAqsm3Vo3Am1z","68113ea5","2017-10-04 00:16:30","2"," 3","0.9500000"," 4","0.9642857"
"LEemVewWMPAqsm3Vo3Am1z","e60ec748","2017-05-07 00:11:28","2"," 4","0.9600000"," 3","1.0000000"
"LEemVewWMPAqsm3Vo3Am1z","72c039e1","2016-03-11 07:21:24","2"," 4","0.7666670"," 4","1.0000000"
"LEemVewWMPAqsm3Vo3Am1z","ab7993f7","2017-04-18 15:23:39","2"," 1","0.3000000"," 6","0.6000000"
"LEemVewWMPAqsm3Vo3Am1z","37b807c8","2017-06-03 21:11:15","2"," 6","0.7440000"," 4","0.9857140"
"LEemVewWMPAqsm3Vo3Am1z","8ea60670","2017-08-12 21:21:38","2"," 6","0.6000000"," 6","0.6000000"
"LEemVewWMPAqsm3Vo3Am1z","b146f2c9","2016-04-13 05:20:26","2"," 3","0.9523810"," 6","0.9666670"
"LEemVewWMPAqsm3Vo3Am1z","c2637718","2017-07-16 03:17:25","2"," 3","1.0000000"," 4","0.2100000"
"LEemVewWMPAqsm3Vo3Am1z","b44fd3b9","2016-01-26 14:05:57","2"," 6","0.9028570"," 6","1.0000000"
"LEemVewWMPAqsm3Vo3Am1z","a21ec224","2016-05-12 03:19:44","0"," 4","0.9464286"," 4","0.0660000"
"LEemVewWMPAqsm3Vo3Am1z","7b71b792","2017-05-11 08:11:09","2"," 4","0.9123810"," 6","0.9714290"
"LEemVewWMPAqsm3Vo3Am1z","2c5e96d1","2016-07-05 10:21:46","0"," 2","1.0000000"," 1","0.0000000"
"LEemVewWMPAqsm3Vo3Am1z","78ce30bb","2016-01-15 11:10:20","1"," 4","0.5666670"," 5","0.5000000"
"LEemVewWMPAqsm3Vo3Am1z","6c351a74","2016-02-23 16:52:53","2"," 6","0.9755000"," 5","1.0000000"
"LEemVewWMPAqsm3Vo3Am1z","8ef21a2e","2016-05-26 07:55:29","0"," 4","1.0000000"," 4","0.9817500"
"LEemVewWMPAqsm3Vo3Am1z","243c4df2","2016-07-09 21:50:23","2"," 6","1.0000000"," 6","1.0000000"
"LEemVewWMPAqsm3Vo3Am1z","61a961f0","2017-09-14 17:49:54","2"," 4","0.7095000"," 6","0.6000000"
"LEemVewWMPAqsm3Vo3Am1z","f2303996","2016-02-01 21:49:57","2"," 4","0.9825000"," 4","0.9428570"
"LEemVewWMPAqsm3Vo3Am1z","bbf3787","2017-01-02 17:39:56","2"," 4","0.2000000"," 4","0.9513930"
"LEemVewWMPAqsm3Vo3Am1z","18b047dc","2016-09-01 13:43:27","2"," 6","0.6000000"," 6","0.6000000"
"LEemVewWMPAqsm3Vo3Am1z","2065a08f","2016-01-31 15:19:27","0"," 6","1.0000000"," 6","0.9817500"
"LEemVewWMPAqsm3Vo3Am1z","cf50b7ce","2016-03-10 08:49:38","2"," 6","1.0000000"," 4","0.9600000"
"LEemVewWMPAqsm3Vo3Am1z","bbbafe69","2017-04-30 23:55:33","0"," 6","0.9583929"," 1","1.0000000"
"LEemVewWMPAqsm3Vo3Am1z","5cd30391","2017-02-01 06:03:51","0"," 6","1.0000000"," 4","0.9714290"
"LEemVewWMPAqsm3Vo3Am1z","e77fea08","2017-02-09 08:49:30","2"," 4","1.0000000"," 4","0.9857140"
"LEemVewWMPAqsm3Vo3Am1z","2f9cc984","2016-02-05 16:19:22","2"," 4","0.9857140"," 6","1.0000000"
"LEemVewWMPAqsm3Vo3Am1z","b84b6d30","2017-06-09 18:13:21","2"," 6","1.0000000"," 4","0.9857140"
"LEemVewWMPAqsm3Vo3Am1z","3ad739b6","2016-08-07 02:46:48","2"," 4","0.9762500"," 2","1.0000000"
"LEemVewWMPAqsm3Vo3Am1z","81b8f02","2016-05-11 04:19:22","2"," 6","1.0000000"," 5","1.0000000"
"LEemVewWMPAqsm3Vo3Am1z","7b9e51f2","2017-01-19 08:32:39","2"," 4","0.2000000"," 3","0.9837500"
"LEemVewWMPAqsm3Vo3Am1z","87e1082d","2016-04-27 00:18:56","2"," 4","1.0000000"," 4","0.6000000"
"LEemVewWMPAqsm3Vo3Am1z","6f997d09","2016-04-25 00:27:04","0"," 6","1.0000000"," 6","0.6000000"
"LEemVewWMPAqsm3Vo3Am1z","497cee21","2017-09-15 19:16:15","2"," 6","0.9857140"," 2","0.9940000"
"LEemVewWMPAqsm3Vo3Am1z","b1dc09ed","2016-05-06 10:49:00","2"," 4","0.9857140"," 4","0.3666670"
"LEemVewWMPAqsm3Vo3Am1z","76281dbb","2017-07-12 10:14:09","0"," 6","0.4600000"," 4","1.0000000"
"LEemVewWMPAqsm3Vo3Am1z","861f771e","2016-07-04 00:39:11","2"," 3","1.0000000"," 4","0.2875000"
"LEemVewWMPAqsm3Vo3Am1z","363fa444","2016-12-12 14:37:54","0"," 6","1.0000000"," 6","0.2000000"
"LEemVewWMPAqsm3Vo3Am1z","2e4472f5","2017-05-30 14:13:42","2"," 6","0.5500000"," 6","0.9428570"
"LEemVewWMPAqsm3Vo3Am1z","3442e438","2016-08-15 21:46:42","2"," 4","0.9714290"," 6","1.0000000"
"LEemVewWMPAqsm3Vo3Am1z","4390dc96","2017-02-09 15:51:01","2"," 4","0.2000000"," 6","0.9380950"
"LEemVewWMPAqsm3Vo3Am1z","f5ffc685","2017-05-26 22:55:54","2"," 6","0.8952380"," 6","0.0000000"
"LEemVewWMPAqsm3Vo3Am1z","6a51fd09","2017-06-27 04:14:35","2"," 6","1.0000000"," 6","1.0000000"
"LEemVewWMPAqsm3Vo3Am1z","2b3722f8","2017-04-15 00:18:16","2"," 6","1.0000000"," 3","0.9714290"
"LEemVewWMPAqsm3Vo3Am1z","255b5959","2016-01-09 01:05:41","2"," 4","0.7200000"," 1","0.5780000"
"LEemVewWMPAqsm3Vo3Am1z","fd66dd38","2016-02-18 10:49:32","2"," 4","0.9857140"," 1","0.9812500"
"LEemVewWMPAqsm3Vo3Am1z","39f63639","2016-07-09 11:12:24","2"," 6","0.7400000"," 4","1.0000000"
"LEemVewWMPAqsm3Vo3Am1z","b006c30c","2017-02-22 03:12:10","2"," 4","0.7437500"," 4","0.7195000"
"LEemVewWMPAqsm3Vo3Am1z","fa8709f6","2016-04-14 13:48:21","2"," 3","0.9428570"," 6","1.0000000"
"LEemVewWMPAqsm3Vo3Am1z","8d48645f","2016-02-19 11:48:05","2"," 6","0.1600000"," 3","1.0000000"
"LEemVewWMPAqsm3Vo3Am1z","d8acd272","2016-03-20 15:52:34","0"," 6","0.9285710"," 4","0.9877500"
"LEemVewWMPAqsm3Vo3Am1z","422f6ec2","2017-06-20 07:13:32","2"," 6","1.0000000"," 4","0.6000000"
"LEemVewWMPAqsm3Vo3Am1z","1b0ee370","2016-06-21 14:17:27","2"," 6","0.9937500"," 4","0.9900000"
"LEemVewWMPAqsm3Vo3Am1z","8f29965","2017-05-19 13:44:46","2"," 4","0.2560000"," 4","1.0000000"
"LEemVewWMPAqsm3Vo3Am1z","902a4e39","2016-02-07 02:05:04","2"," 4","1.0000000"," 3","0.9523810"
"LEemVewWMPAqsm3Vo3Am1z","1ee392d6","2017-04-17 04:17:55","0"," 6","0.9877500"," 3","1.0000000"
"LEemVewWMPAqsm3Vo3Am1z","e36f828e","2017-04-09 21:15:16","2"," 3","0.9760000"," 4","1.0000000"
"LEemVewWMPAqsm3Vo3Am1z","9ca6225f","2016-07-27 09:18:53","2"," 4","0.9714290"," 4","0.5600000"
"LEemVewWMPAqsm3Vo3Am1z","23bfca4b","2016-10-18 03:06:27","2"," 4","1.0000000"," 3","1.0000000"
"LEemVewWMPAqsm3Vo3Am1z","82f5fb8f","2016-05-30 00:13:57","2"," 4","0.4500000"," 6","1.0000000"
"LEemVewWMPAqsm3Vo3Am1z","3ed46228","2016-03-30 09:49:23","2"," 1","1.0000000"," 0","0.9576429"
"LEemVewWMPAqsm3Vo3Am1z","8491c215","2017-02-25 09:10:35","1"," 6","0.9523810"," 4","1.0000000"
"LEemVewWMPAqsm3Vo3Am1z","b441185","2016-05-05 13:19:55","2"," 2","1.0000000"," 4","0.7500000"
"LEemVewWMPAqsm3Vo3Am1z","d3792319","2016-01-20 15:21:46","2"," 6","1.0000000"," 4","1.0000000"
"LEemVewWMPAqsm3Vo3Am1z","3678a569","2016-06-30 01:51:32","2"," 1","0.6000000"," 6","0.9857140"
"LEemVewWMPAqsm3Vo3Am1z","9d8d3124","2017-02-27 21:12:05","2"," 0","0.6000000"," 6","1.0000000"
"LEemVewWMPAqsm3Vo3Am1z","83c35cb1","2017-09-30 15:14:06","2"," 6","0.5600000"," 6","0.2000000"
"LEemVewWMPAqsm3Vo3Am1z","9af9cc08","2016-02-03 09:18:49","2"," 4","0.9285710"," 4","0.9425000"
"LEemVewWMPAqsm3Vo3Am1z","6496f88a","2016-02-01 18:20:12","2"," 0","1.0000000"," 4","1.0000000"
"LEemVewWMPAqsm3Vo3Am1z","7b6b3289","2017-08-07 16:39:21","2"," 6","0.9600000"," 4","1.0000000"
"LEemVewWMPAqsm3Vo3Am1z","adc6b864","2016-06-19 14:03:52","2"," 0","0.9937500"," 3","0.4500000"
"LEemVewWMPAqsm3Vo3Am1z","2a377c49","2016-01-21 18:07:08","2"," 6","0.4500000"," 4","1.0000000"
"LEemVewWMPAqsm3Vo3Am1z","eac641d1","2016-06-04 03:29:07","2"," 4","1.0000000"," 6","0.6000000"
"LEemVewWMPAqsm3Vo3Am1z","97523733","2017-01-12 12:34:33","2"," 4","0.9857140"," 6","0.9428570"
"LEemVewWMPAqsm3Vo3Am1z","87df46f9","2016-04-26 17:50:12","2"," 5","0.2000000"," 6","0.9662500"
"LEemVewWMPAqsm3Vo3Am1z","99543ce8","2016-02-01 17:19:34","2"," 6","0.9821429"," 4","0.4350000"
"LEemVewWMPAqsm3Vo3Am1z","3f640980","2017-05-02 01:12:36","2"," 6","1.0000000"," 5","1.0000000"
"LEemVewWMPAqsm3Vo3Am1z","69323f72","2016-07-11 22:20:53","2"," 4","0.9685000"," 4","0.9696429"
"LEemVewWMPAqsm3Vo3Am1z","6c8305bd","2016-08-13 05:46:26","2"," 6","1.0000000"," 6","0.7500000"
"LEemVewWMPAqsm3Vo3Am1z","8be52edd","2016-03-30 03:20:00","2"," 6","1.0000000"," 6","1.0000000"
"LEemVewWMPAqsm3Vo3Am1z","a1b2f65f","2017-06-27 13:40:41","2"," 6","0.7437500"," 4","1.0000000"
"LEemVewWMPAqsm3Vo3Am1z","c4af2a80","2016-04-12 22:48:46","2"," 6","1.0000000"," 6","0.9533929"
"LEemVewWMPAqsm3Vo3Am1z","89c14286","2017-04-10 07:17:55","2"," 4","1.0000000"," 4","0.2000000"
"LEemVewWMPAqsm3Vo3Am1z","e0fc5305","2017-09-30 08:13:30","2"," 6","0.9666670"," 4","0.5666670"
"LEemVewWMPAqsm3Vo3Am1z","2892b031","2016-02-11 17:37:03","2"," 3","1.0000000"," 6","1.0000000"
"LEemVewWMPAqsm3Vo3Am1z","3ac401a0","2017-01-23 20:56:12","2"," 4","1.0000000"," 6","0.9642857"
"LEemVewWMPAqsm3Vo3Am1z","57e73cf","2017-05-23 12:13:22","2"," 4","1.0000000"," 0","0.9900000"
"LEemVewWMPAqsm3Vo3Am1z","82ec3b7a","2017-01-30 22:49:57","2"," 4","0.9695000"," 4","0.9518929"
"LEemVewWMPAqsm3Vo3Am1z","aa7ac221","2016-03-13 22:35:47","2"," 1","1.0000000"," 6","1.0000000"
"LEemVewWMPAqsm3Vo3Am1z","9c37e25c","2017-08-07 06:20:49","2"," 6","0.7500000"," 4","0.4500000"
"LEemVewWMPAqsm3Vo3Am1z","5c7b31c8","2017-04-11 01:56:55","0"," 4","0.9950000"," 4","0.9600000"
"LEemVewWMPAqsm3Vo3Am1z","aacbf905","2016-03-16 19:20:37","2"," 6","0.9642857"," 6","0.9762500"
"LEemVewWMPAqsm3Vo3Am1z","7921cf15","2017-10-04 15:09:10","2"," 4","1.0000000"," 3","0.6000000"
"LEemVewWMPAqsm3Vo3Am1z","d0edc971","2016-05-22 00:21:30","2"," 3","0.7150000"," 6","1.0000000"
"LEemVewWMPAqsm3Vo3Am1z","d7b10435","2016-01-26 22:10:32","2"," 4","1.0000000"," 6","0.9714290"
"LEemVewWMPAqsm3Vo3Am1z","3382e361","2016-02-18 06:19:45","2"," 2","1.0000000"," 4","0.9857140"
"LEemVewWMPAqsm3Vo3Am1z","c3e5bcd4","2016-02-04 01:18:53","2"," 4","0.9821429"," 6","0.9600000"
"LEemVewWMPAqsm3Vo3Am1z","6951fd66","2016-09-27 02:00:26","2"," 6","1.0000000"," 4","0.9950000"
"LEemVewWMPAqsm3Vo3Am1z","4e6277d1","2016-10-02 14:01:17","2"," 6","0.9755000"," 6","0.9450000"
"LEemVewWMPAqsm3Vo3Am1z","dedbc9c0","2016-04-13 11:00:52","2"," 3","0.9812500"," 4","0.0000000"
"LEemVewWMPAqsm3Vo3Am1z","493d94d4","2016-02-02 12:49:29","2"," 4","0.5600000"," 6","0.9692500"
"LEemVewWMPAqsm3Vo3Am1z","91d50cbc","2016-07-07 01:51:32","2"," 4","0.9600000"," 4","0.9857140"
"LEemVewWMPAqsm3Vo3Am1z","68f047df","2017-03-22 06:32:49","2"," 1","0.9700000"," 3","1.0000000"
"LEemVewWMPAqsm3Vo3Am1z","7547e22b","2016-09-09 03:40:00","2"," 6","0.9571430"," 6","0.9272857"
"LEemVewWMPAqsm3Vo3Am1z","b39e5473","2016-02-02 17:09:21","0"," 4","0.9285000"," 4","1.0000000"
"LEemVewWMPAqsm3Vo3Am1z","7ee76754","2016-02-12 12:49:21","2"," 3","0.2600000"," 4","0.5666670"
"LEemVewWMPAqsm3Vo3Am1z","19c4d7a8","2016-08-10 22:20:39","2"," 3","0.9821430"," 4","0.9028570"
"LEemVewWMPAqsm3Vo3Am1z","54dec4d","2016-09-12 23:49:04","0"," 3","0.9637500"," 4","0.9428570"
"LEemVewWMPAqsm3Vo3Am1z","b2b1715b","2016-05-12 20:58:33","2"," 6","0.9523810"," 5","0.9642860"
"LEemVewWMPAqsm3Vo3Am1z","8965cbdf","2016-03-02 10:20:03","2"," 3","0.7265000"," 2","0.9625000"
"LEemVewWMPAqsm3Vo3Am1z","44e9645c","2017-01-04 18:18:25","2"," 4","1.0000000"," 6","0.9123810"
"LEemVewWMPAqsm3Vo3Am1z","234fa135","2017-06-08 08:12:46","2"," 4","1.0000000"," 5","0.9523810"
"LEemVewWMPAqsm3Vo3Am1z","46f12f6","2016-05-05 07:49:40","2"," 3","0.3600000"," 4","1.0000000"
"LEemVewWMPAqsm3Vo3Am1z","817c3e84","2017-04-11 02:17:35","2"," 4","0.9457140"," 4","0.9600000"
"LEemVewWMPAqsm3Vo3Am1z","50049fc0","2016-01-24 22:13:23","2"," 4","0.9285710"," 4","0.9821429"
"LEemVewWMPAqsm3Vo3Am1z","bc8d3290","2016-08-28 02:48:30","0"," 3","0.9666670"," 4","1.0000000"
"LEemVewWMPAqsm3Vo3Am1z","31f8b90d","2016-02-07 17:36:28","2"," 6","0.5666670"," 6","0.9583929"
"LEemVewWMPAqsm3Vo3Am1z","a078e883","2016-01-20 14:07:51","0"," 4","0.9636428"," 6","1.0000000"
"LEemVewWMPAqsm3Vo3Am1z","20cd23ec","2017-04-03 23:14:41","2"," 1","0.7450000"," 4","1.0000000"
"LEemVewWMPAqsm3Vo3Am1z","842a36b2","2016-06-19 05:16:57","2"," 6","0.9625000"," 4","0.9940000"
"LEemVewWMPAqsm3Vo3Am1z","4fed3ec0","2016-01-25 08:43:55","2"," 5","0.9714290"," 4","0.6000000"
"LEemVewWMPAqsm3Vo3Am1z","ac07e597","2017-01-04 20:37:28","0"," 2","0.9312500"," 3","0.9630000"
"LEemVewWMPAqsm3Vo3Am1z","80489afc","2017-07-03 15:15:15","0"," 4","1.0000000"," 5","0.9877500"
"LEemVewWMPAqsm3Vo3Am1z","592ff4a4","2016-03-28 09:38:00","2"," 6","0.9937500"," 4","1.0000000"
"LEemVewWMPAqsm3Vo3Am1z","d16e8b9b","2016-03-01 00:51:48","2"," 4","0.9666670"," 6","0.9558929"
"LEemVewWMPAqsm3Vo3Am1z","239e868a","2016-02-17 13:20:17","0"," 4","0.5675000"," 4","1.0000000"
"LEemVewWMPAqsm3Vo3Am1z","c6531476","2017-04-26 02:12:25","0"," 3","0.9646429"," 4","0.9571430"
"LEemVewWMPAqsm3Vo3Am1z","f8889d01","2017-04-26 00:12:27","2"," 6","1.0000000"," 3","0.0240000"
"LEemVewWMPAqsm3Vo3Am1z","86f14c2f","2016-02-03 12:18:47","2"," 3","0.9485000"," 3","1.0000000"
"LEemVewWMPAqsm3Vo3Am1z","a56df457","2016-10-31 06:49:28","2"," 6","0.9857140"," 6","1.0000000"
"LEemVewWMPAqsm3Vo3Am1z","99f36b5c","2016-06-21 21:35:43","2"," 6","0.9758928"," 4","0.9571430"
"LEemVewWMPAqsm3Vo3Am1z","e3c5476b","2016-01-23 07:19:23","2"," 6","0.9696429"," 2","1.0000000"
"LEemVewWMPAqsm3Vo3Am1z","bb8986bb","2016-03-02 23:20:18","2"," 4","0.9572500"," 6","1.0000000"
"LEemVewWMPAqsm3Vo3Am1z","4ad8a9da","2016-02-17 21:23:41","2"," 4","0.9758928"," 5","0.8695240"
"LEemVewWMPAqsm3Vo3Am1z","4ed9ae16","2017-05-29 17:13:38","2"," 4","0.5666670"," 3","1.0000000"
"LEemVewWMPAqsm3Vo3Am1z","6fbd7bc5","2017-06-02 05:12:52","2"," 6","0.3266670"," 4","0.9666670"
"LEemVewWMPAqsm3Vo3Am1z","375139ea","2016-05-19 23:26:20","2"," 4","0.4000000"," 4","0.6000000"
"LEemVewWMPAqsm3Vo3Am1z","77d04eae","2017-07-30 21:17:58","0"," 4","0.9862500"," 4","0.6000000"
"LEemVewWMPAqsm3Vo3Am1z","ab048d53","2017-01-23 23:35:24","2"," 1","0.9857140"," 4","0.9821429"
"LEemVewWMPAqsm3Vo3Am1z","d4efe8f7","2017-03-05 22:11:41","2"," 3","1.0000000"," 6","0.9857140"
"LEemVewWMPAqsm3Vo3Am1z","ad67e9d8","2016-07-24 17:14:48","2"," 3","0.2000000"," 4","0.9475000"
"LEemVewWMPAqsm3Vo3Am1z","b848fb5","2016-02-25 00:49:45","2"," 3","1.0000000"," 3","0.9937500"
"LEemVewWMPAqsm3Vo3Am1z","6697c28f","2016-02-04 02:48:57","2"," 4","0.5666670"," 6","1.0000000"
"LEemVewWMPAqsm3Vo3Am1z","6c98bfc8","2017-07-13 18:29:49","0"," 4","1.0000000"," 6","0.9642857"
"LEemVewWMPAqsm3Vo3Am1z","f79fd273","2016-01-26 02:37:15","2"," 6","1.0000000"," 1","1.0000000"
"LEemVewWMPAqsm3Vo3Am1z","da45a609","2016-09-06 04:32:13","0"," 6","0.6000000"," 6","0.9937500"
"LEemVewWMPAqsm3Vo3Am1z","c957ab06","2017-08-27 19:20:23","2"," 6","1.0000000"," 4","1.0000000"
"LEemVewWMPAqsm3Vo3Am1z","717d2aee","2017-08-11 22:18:18","2"," 4","1.0000000"," 6","0.9428570"
"LEemVewWMPAqsm3Vo3Am1z","c8c28e93","2017-02-14 10:10:36","2"," 4","0.2000000"," 4","1.0000000"
"LEemVewWMPAqsm3Vo3Am1z","ad75f5e6","2017-07-21 17:17:49","0"," 4","1.0000000"," 2","0.9775000"
"LEemVewWMPAqsm3Vo3Am1z","48ac1848","2017-05-30 16:22:13","0"," 6","0.2000000"," 4","0.1600000"
"LEemVewWMPAqsm3Vo3Am1z","5a93294f","2016-02-18 06:19:44","2"," 6","0.9857140"," 4","0.9857140"
"LEemVewWMPAqsm3Vo3Am1z","239f7784","2017-03-15 14:11:36","2"," 4","0.9380950"," 4","0.9877500"
"LEemVewWMPAqsm3Vo3Am1z","26efd548","2016-01-10 10:13:16","2"," 6","0.9714290"," 4","0.9522857"
"LEemVewWMPAqsm3Vo3Am1z","2bde46dc","2017-08-20 07:25:38","2"," 4","1.0000000"," 3","1.0000000"
