"course_branch_id","course_lesson_id","course_module_id","course_branch_lesson_order","course_branch_lesson_name"
"qsmzmVew","qgdwB","Yo0Ey","1","branch lesson name"
"5e4i8Kvw","4TxPq","ajpEb","5","branch lesson name"
"qsmzmVew","llNma","ajpEb","1","branch lesson name"
"5e4i8Kvw","br6N2","0utPU","2","branch lesson name"
"qsmzmVew","v4tmt","WuLqV","2","branch lesson name"
"5e4i8Kvw","xfUqN","PuX4G","0","branch lesson name"
"5e4i8Kvw","tIana","Wl7Dp","0","branch lesson name"
"5e4i8Kvw","4UCEn","XVRNz","0","branch lesson name"
"qsmzmVew","7siS1","Wl7Dp","4","branch lesson name"
"5e4i8Kvw","vs7an","XVRNz","1","branch lesson name"
"qsmzmVew","qgdwB","XVRNz","1","branch lesson name"
"qsmzmVew","4UCEn","w0FEU","2","branch lesson name"
"5e4i8Kvw","xt0ze","Wl7Dp","3","branch lesson name"
"qsmzmVew","sqbIL","0utPU","0","branch lesson name"
"qsmzmVew","dwMI2","WuLqV","0","branch lesson name"
"5e4i8Kvw","4cST6","ajpEb","1","branch lesson name"
"5e4i8Kvw","br6N2","Yo0Ey","1","branch lesson name"
"5e4i8Kvw","BdTAU","Yo0Ey","4","branch lesson name"
"5e4i8Kvw","DmHVQ","XVRNz","2","branch lesson name"
"qsmzmVew","af9nL","PuX4G","3","branch lesson name"
"qsmzmVew","LnO4h","ajpEb","0","branch lesson name"
"qsmzmVew","w8SGn","ajpEb","1","branch lesson name"
"5e4i8Kvw","QHGkL","Yo0Ey","0","branch lesson name"
"5e4i8Kvw","xt0ze","fymxj","2","branch lesson name"
"5e4i8Kvw","ouQTo","ajpEb","5","branch lesson name"
"5e4i8Kvw","f8tUb","Yo0Ey","0","branch lesson name"
"qsmzmVew","uIUNH","Yo0Ey","2","branch lesson name"
"qsmzmVew","5pQ8Z","0utPU","1","branch lesson name"
"5e4i8Kvw","X7jpX","XVRNz","0","branch lesson name"
"5e4i8Kvw","7gsad","PuX4G","4","branch lesson name"
"5e4i8Kvw","WFJ0E","fymxj","3","branch lesson name"
"qsmzmVew","x5rmF","Wl7Dp","3","branch lesson name"
