"course_id","on_demand_session_id","jhu_user_id","on_demand_sessions_membership_start_ts","on_demand_sessions_membership_end_ts"
"LEemVewWMPAqsm3Vo3Am1z","nNa1WitVEea0DRLrrvCCTQ","be08192","2016-01-10 08:58:14",NA
"LEemVewWMPAqsm3Vo3Am1z","R4daOcVaEeaYHgpNzSKpMA","700174e3","2016-01-19 10:15:09","2017-08-08 19:43:34"
"LEemVewWMPAqsm3Vo3Am1z","TACEbiBVEeaG3QqLdYDICw","a792482c","2016-02-11 19:03:16",NA
"LEemVewWMPAqsm3Vo3Am1z","0-AYv_RTEeWB9gr2ttYzXQ","4c6fdf2a","2017-01-16 08:12:28",NA
"LEemVewWMPAqsm3Vo3Am1z","092hnldWEeaWYQrYt-DiIQ","e761875e","2016-01-04 21:49:25",NA
"LEemVewWMPAqsm3Vo3Am1z","aZFXYzjdEeeD_A4z82yUUg","b3a222e2","2017-06-11 19:24:18",NA
"LEemVewWMPAqsm3Vo3Am1z","SMEl7nVfEeeAFw6nEgpmmA","b669a169","2016-10-10 15:15:12","2017-06-03 07:09:28"
"LEemVewWMPAqsm3Vo3Am1z","J0aQWrMcEeWMNQ43fvJXFw","b5f88bfe","2016-06-17 03:51:32",NA
"LEemVewWMPAqsm3Vo3Am1z","oX5fp8bXEeWs-BKzmUStyw","4d2baf17","2016-06-02 07:10:35","2016-08-18 05:58:40"
"LEemVewWMPAqsm3Vo3Am1z","ti1s87PeEeW2NBLvq9LZHQ","792687e1","2016-10-25 02:08:32","2016-07-08 15:31:43"
"LEemVewWMPAqsm3Vo3Am1z","L-AU5GJXEeaGXQq5jeF-9Q","68c32d0e","2017-03-04 15:04:45",NA
"LEemVewWMPAqsm3Vo3Am1z","m6rFCj5dEeeRfQo954YHfA","3d9bae2a","2017-07-22 21:41:48",NA
"LEemVewWMPAqsm3Vo3Am1z","NNMbmm_fEeez2RJWre3Wzg","39fd627b","2016-08-26 01:42:18",NA
"LEemVewWMPAqsm3Vo3Am1z","yBVbtdNSEeWrJhKRHKXGQw","ce8f82f4","2016-10-23 18:47:17","2017-07-26 14:47:12"
"LEemVewWMPAqsm3Vo3Am1z","MlvWPp7ZEeaeFgp1HJGIrg","41c4d0d0","2016-03-19 14:28:59",NA
"LEemVewWMPAqsm3Vo3Am1z","U1r8MlReEeeQwApbqFuYng","d85cfb83","2016-01-04 21:48:08","2017-06-05 18:26:21"
"LEemVewWMPAqsm3Vo3Am1z","eTYhv_bbEeaLjw4_t1TJig","b2c775d6","2017-02-01 04:09:23",NA
"LEemVewWMPAqsm3Vo3Am1z","V5yKli9DEeah7Ap12GQcTQ","c5d841b1","2017-04-24 00:02:54","2017-02-04 17:00:32"
"LEemVewWMPAqsm3Vo3Am1z","nNa1WitVEea0DRLrrvCCTQ","ae478e9a","2016-10-19 09:51:31","2017-08-04 17:23:42"
"LEemVewWMPAqsm3Vo3Am1z","T202pOPTEeWkNw7bGPYHLw","f741c64a","2016-07-12 11:45:17",NA
"LEemVewWMPAqsm3Vo3Am1z","ytgUsseDEeWs-BKzmUStyw","72f5050e","2016-11-27 21:31:23","2016-05-27 22:25:32"
"LEemVewWMPAqsm3Vo3Am1z","QxRTLjNdEeeuuQ7tmHEh3A","1fa9a88c","2016-01-06 04:17:24",NA
"LEemVewWMPAqsm3Vo3Am1z","092hnldWEeaWYQrYt-DiIQ","91bf88f6","2016-01-19 03:11:55",NA
"LEemVewWMPAqsm3Vo3Am1z","R4daOcVaEeaYHgpNzSKpMA","f293be6f","2016-06-12 20:54:57","2016-03-07 23:59:39"
"LEemVewWMPAqsm3Vo3Am1z","R4daOcVaEeaYHgpNzSKpMA","1a1f837","2016-04-04 15:41:46",NA
"LEemVewWMPAqsm3Vo3Am1z","ytkm3ceDEeWwyg7SJZ3bgQ","80a66dbc","2016-06-08 03:50:49",NA
"LEemVewWMPAqsm3Vo3Am1z","nNa1WitVEea0DRLrrvCCTQ","82b2bf4c","2017-03-13 12:41:41",NA
"LEemVewWMPAqsm3Vo3Am1z","acLFDs0JEeW-EQ6jzRFIow","ea1c48fe","2016-06-21 04:13:35","2016-05-25 22:32:22"
"LEemVewWMPAqsm3Vo3Am1z","m6rFCj5dEeeRfQo954YHfA","9c5dce8a","2016-12-08 08:36:12",NA
"LEemVewWMPAqsm3Vo3Am1z","L-AU5GJXEeaGXQq5jeF-9Q","578dde12","2016-08-09 21:40:08","2016-12-19 16:03:03"
"LEemVewWMPAqsm3Vo3Am1z","Cy9NLxfdEeeskRI8P5CzrA","fcd23ee3","2017-03-20 18:26:37",NA
"LEemVewWMPAqsm3Vo3Am1z","nNa1WitVEea0DRLrrvCCTQ","e3d0d99e","2016-08-25 17:57:37",NA
"LEemVewWMPAqsm3Vo3Am1z","oGkj4Y5YEeau6AqOJYpH0w","e01ea64b","2016-01-24 03:25:55","2016-08-17 09:32:26"
"LEemVewWMPAqsm3Vo3Am1z","i7Aicl9eEeeqKgpTZZjjFg","826c4cc0","2017-07-10 20:14:46",NA
"LEemVewWMPAqsm3Vo3Am1z","xwd7IXLXEeaFMgoDse8ePQ","e33a3f30","2016-01-04 21:49:19",NA
"LEemVewWMPAqsm3Vo3Am1z","rZqfbu7TEeWPKQpBKpg03Q","a5a2b8b3","2016-01-11 00:54:13","2017-08-21 03:30:36"
"LEemVewWMPAqsm3Vo3Am1z","xwd7IXLXEeaFMgoDse8ePQ","d5cd96c6","2016-06-08 02:43:05",NA
"LEemVewWMPAqsm3Vo3Am1z","qcOkNK9ZEeasQQ4QloxU4g","81df6a8b","2016-10-21 11:19:04",NA
"LEemVewWMPAqsm3Vo3Am1z","cG5-pyXVEeaBWRI_KGGi0Q","99464bbf","2016-03-01 15:03:07","2017-05-28 06:45:56"
"LEemVewWMPAqsm3Vo3Am1z","L-AU5GJXEeaGXQq5jeF-9Q","d08b0647","2017-02-20 15:59:17","2017-06-12 05:27:58"
"LEemVewWMPAqsm3Vo3Am1z","V_7JqUbWEeajOxLxiFQ2FQ","8cd42369","2017-02-14 21:46:12","2016-03-01 07:16:23"
"LEemVewWMPAqsm3Vo3Am1z","LECGkP9UEeWW0grgb0UTkQ","e45ce02b","2017-01-07 18:53:22","2017-01-16 21:41:59"
"LEemVewWMPAqsm3Vo3Am1z","T202pOPTEeWkNw7bGPYHLw","7a31a51a","2016-01-04 21:49:29","2017-07-17 21:40:30"
"LEemVewWMPAqsm3Vo3Am1z","3f1NVRVUEeavcw5bns7DCQ","642ea7a7","2016-11-11 03:12:07","2016-06-23 19:38:27"
"LEemVewWMPAqsm3Vo3Am1z","ti1s87PeEeW2NBLvq9LZHQ","8ee71ea7","2016-01-20 12:39:17","2016-02-15 07:05:03"
"LEemVewWMPAqsm3Vo3Am1z","J0aQWrMcEeWMNQ43fvJXFw","b846c2c","2016-01-04 21:49:28","2016-02-01 20:44:55"
"LEemVewWMPAqsm3Vo3Am1z","IwQ8J95TEeWdPBL2iFTrAw","be7f886e","2016-10-03 05:00:46","2016-08-22 19:54:26"
"LEemVewWMPAqsm3Vo3Am1z","4JKDYbTZEea1EAp2thKtSg","473bcdef","2016-08-12 05:44:26","2017-08-09 22:50:14"
"LEemVewWMPAqsm3Vo3Am1z","2QSQwQHbEeec9hKaXoylVA","17635dc3","2017-08-22 00:24:14","2016-07-14 08:47:15"
"LEemVewWMPAqsm3Vo3Am1z","L0alYOZbEeaOJwr5wT2zdA","67d21977","2017-03-03 21:19:25","2016-12-28 12:24:59"
"LEemVewWMPAqsm3Vo3Am1z","6rfBdTZVEeavCBLXfK_fXw","e141b93e","2016-05-10 21:35:06",NA
"LEemVewWMPAqsm3Vo3Am1z","oX5fp8bXEeWs-BKzmUStyw","57b9eedb","2016-04-25 14:52:48",NA
"LEemVewWMPAqsm3Vo3Am1z","NVSVP7McEeWhLRIkesxXNw","234451ab","2017-04-04 02:32:26",NA
"LEemVewWMPAqsm3Vo3Am1z","lKBnHKUiEeaprQ4LnRHZcg","14052b47","2016-07-06 01:34:36",NA
"LEemVewWMPAqsm3Vo3Am1z","oX5fp8bXEeWs-BKzmUStyw","11b75d77","2016-04-18 06:55:43",NA
"LEemVewWMPAqsm3Vo3Am1z","eVMueulTEeWlJhJpbKSYeQ","bf62bdee","2017-06-10 06:12:40","2017-08-13 23:09:05"
"LEemVewWMPAqsm3Vo3Am1z","SHdiB_FbEeaC1g4BewAvhA","ced0a2d9","2016-09-09 20:32:27",NA
"LEemVewWMPAqsm3Vo3Am1z","r9xqPw_UEea44Qp49aJR6w","a58c44c1","2016-01-13 21:20:49",NA
"LEemVewWMPAqsm3Vo3Am1z","TACEbiBVEeaG3QqLdYDICw","1109e4ef","2016-01-09 04:05:00",NA
"LEemVewWMPAqsm3Vo3Am1z","jach2gpUEeaWWg6E9amO-Q","f00ea6eb","2016-03-07 15:49:48",NA
"LEemVewWMPAqsm3Vo3Am1z","cG5-pyXVEeaBWRI_KGGi0Q","ef1c6a1b","2016-01-04 21:50:41","2017-07-11 05:44:28"
"LEemVewWMPAqsm3Vo3Am1z","lKBnHKUiEeaprQ4LnRHZcg","de4bc8fb","2017-09-03 16:02:20",NA
"LEemVewWMPAqsm3Vo3Am1z","L-AU5GJXEeaGXQq5jeF-9Q","ca003b15","2017-07-10 13:41:29","2017-08-13 11:07:45"
"LEemVewWMPAqsm3Vo3Am1z","TACEbiBVEeaG3QqLdYDICw","e200ea77","2016-11-10 14:25:34",NA
"LEemVewWMPAqsm3Vo3Am1z","ti1s87PeEeW2NBLvq9LZHQ","fed4fdbe","2017-01-01 18:37:15",NA
"LEemVewWMPAqsm3Vo3Am1z","ytgUsseDEeWs-BKzmUStyw","ad1d6908","2017-05-10 21:27:33",NA
"LEemVewWMPAqsm3Vo3Am1z","LECGkP9UEeWW0grgb0UTkQ","8b4375f2","2016-01-13 07:12:40","2017-04-10 05:34:55"
"LEemVewWMPAqsm3Vo3Am1z","owSz19XaEeacPwoa-b1QWA","bfbcbd77","2016-05-24 05:57:18",NA
"LEemVewWMPAqsm3Vo3Am1z","MlvWPp7ZEeaeFgp1HJGIrg","cbf8d00b","2016-08-18 09:30:54",NA
"LEemVewWMPAqsm3Vo3Am1z","TACEbiBVEeaG3QqLdYDICw","b8ae6ed1","2017-09-15 08:32:58",NA
"LEemVewWMPAqsm3Vo3Am1z","oX5fp8bXEeWs-BKzmUStyw","f0a70522","2016-01-29 12:13:01",NA
"LEemVewWMPAqsm3Vo3Am1z","ujag3YBfEeevZApsRonn6A","e84b19ca","2016-09-04 15:21:51","2016-09-18 08:26:36"
"LEemVewWMPAqsm3Vo3Am1z","a_hBLGfXEeao3RIiUksYQw","553847cf","2016-01-11 12:42:50",NA
"LEemVewWMPAqsm3Vo3Am1z","3f1NVRVUEeavcw5bns7DCQ","5226b890","2016-04-11 06:05:58",NA
"LEemVewWMPAqsm3Vo3Am1z","GqOCa33YEeaMlg79Dbn3AQ","1ece4d91","2016-04-23 20:41:00","2017-09-12 00:23:35"
"LEemVewWMPAqsm3Vo3Am1z","Cy9NLxfdEeeskRI8P5CzrA","4af240cb","2016-01-04 21:48:41","2016-05-04 07:03:07"
"LEemVewWMPAqsm3Vo3Am1z","MlvWPp7ZEeaeFgp1HJGIrg","6c16b3b0","2016-05-20 14:56:32","2017-03-09 21:19:41"
"LEemVewWMPAqsm3Vo3Am1z","T202pOPTEeWkNw7bGPYHLw","7d527faa","2016-10-11 17:35:47","2017-07-21 08:38:18"
"LEemVewWMPAqsm3Vo3Am1z","67T3m7pZEealvA6gwFIz4g","2bbce64a","2016-01-19 19:18:48",NA
"LEemVewWMPAqsm3Vo3Am1z","UBhQB4NYEeaR8hKbrn-CTQ","90794c96","2016-01-30 00:12:27",NA
"LEemVewWMPAqsm3Vo3Am1z","uwmsLmTeEeeA2A7nkPb23A","e41767af","2016-03-06 23:52:21",NA
"LEemVewWMPAqsm3Vo3Am1z","7N7vtnhXEeaAMhJFLX_1yQ","8ee020b6","2017-01-20 12:31:00",NA
"LEemVewWMPAqsm3Vo3Am1z","AuZ6cfnUEeWnyw45DXyCTw","c6fb3261","2016-10-28 03:36:12",NA
"LEemVewWMPAqsm3Vo3Am1z","IwQ8J95TEeWdPBL2iFTrAw","1b90e2bc","2016-12-12 06:43:56",NA
"LEemVewWMPAqsm3Vo3Am1z","yBVbtdNSEeWrJhKRHKXGQw","20b51df8","2016-09-09 03:09:47",NA
"LEemVewWMPAqsm3Vo3Am1z","sTqLRh1cEeeq4gqhD-WaKA","70f79cda","2017-02-16 13:51:29",NA
"LEemVewWMPAqsm3Vo3Am1z","ujag3YBfEeevZApsRonn6A","8ccc909e","2016-04-05 07:09:47",NA
"LEemVewWMPAqsm3Vo3Am1z","oX5fp8bXEeWs-BKzmUStyw","92fb832b","2017-09-05 17:57:03","2016-08-11 16:35:46"
"LEemVewWMPAqsm3Vo3Am1z","GqOCa33YEeaMlg79Dbn3AQ","d0b473c9","2016-02-10 16:42:04","2017-06-19 09:37:41"
"LEemVewWMPAqsm3Vo3Am1z","2QSQwQHbEeec9hKaXoylVA","12dab5e2","2016-08-24 19:26:35",NA
"LEemVewWMPAqsm3Vo3Am1z","rZqfbu7TEeWPKQpBKpg03Q","d4732d4f","2016-05-22 04:23:52","2016-08-08 10:33:51"
"LEemVewWMPAqsm3Vo3Am1z","oX5fp8bXEeWs-BKzmUStyw","b61a3f70","2017-03-14 22:25:38",NA
"LEemVewWMPAqsm3Vo3Am1z","J0aQWrMcEeWMNQ43fvJXFw","60e29503","2016-01-05 20:18:46",NA
"LEemVewWMPAqsm3Vo3Am1z","3f1NVRVUEeavcw5bns7DCQ","36dd006d","2016-02-22 05:43:46",NA
"LEemVewWMPAqsm3Vo3Am1z","-a95O4tfEeeTTA4cizv2Pg","57df3344","2016-11-28 18:52:42",NA
"LEemVewWMPAqsm3Vo3Am1z","2QSQwQHbEeec9hKaXoylVA","16209ec","2016-05-23 06:02:36","2017-05-06 13:46:32"
"LEemVewWMPAqsm3Vo3Am1z","lKBnHKUiEeaprQ4LnRHZcg","b855e8e6","2016-07-05 17:53:10","2016-10-07 23:08:55"
"LEemVewWMPAqsm3Vo3Am1z","DxwuuRrVEeaG9hJ5J1R7HQ","7ac90ca7","2016-06-06 11:53:48",NA
"LEemVewWMPAqsm3Vo3Am1z","2QSQwQHbEeec9hKaXoylVA","67227641","2017-02-02 08:04:13",NA
"LEemVewWMPAqsm3Vo3Am1z","R4daOcVaEeaYHgpNzSKpMA","7815f524","2016-06-03 15:58:09","2016-05-14 04:02:01"
"LEemVewWMPAqsm3Vo3Am1z","ngyhO_xbEea3RQ4e3JyLNA","f93d40bc","2016-10-31 16:10:00",NA
"LEemVewWMPAqsm3Vo3Am1z","jvwkZ21XEeazvAp3i1JRww","cb76f3e5","2016-10-28 00:11:21","2017-07-05 13:10:02"
"LEemVewWMPAqsm3Vo3Am1z","owBJpXrfEeewcQoUHVZbcg","f740eeb4","2017-02-10 11:22:06",NA
"LEemVewWMPAqsm3Vo3Am1z","oX5fp8bXEeWs-BKzmUStyw","34da2d34","2017-02-06 05:47:57","2017-05-14 04:06:24"
"LEemVewWMPAqsm3Vo3Am1z","PaOqsevbEea5qQpsMyj5hA","8408d3b0","2017-08-06 21:51:52",NA
"LEemVewWMPAqsm3Vo3Am1z","ti1s87PeEeW2NBLvq9LZHQ","cd983d7f","2016-07-08 15:46:31",NA
"LEemVewWMPAqsm3Vo3Am1z","rEuEGlHWEeaydQoIWAk_aQ","f77f4a50","2016-09-14 11:19:27",NA
"LEemVewWMPAqsm3Vo3Am1z","SHMXwgzcEeeI3ApPF_MNag","9c3002c8","2016-01-29 23:18:29",NA
"LEemVewWMPAqsm3Vo3Am1z","UBhQB4NYEeaR8hKbrn-CTQ","f7a62fa6","2016-01-04 21:49:30",NA
"LEemVewWMPAqsm3Vo3Am1z","rZqfbu7TEeWPKQpBKpg03Q","fa02f3b5","2016-12-16 16:22:36",NA
"LEemVewWMPAqsm3Vo3Am1z","J0aQWrMcEeWMNQ43fvJXFw","275cfe8b","2017-06-02 10:45:27",NA
"LEemVewWMPAqsm3Vo3Am1z","NVSVP7McEeWhLRIkesxXNw","5765c14b","2017-03-26 12:12:15",NA
"LEemVewWMPAqsm3Vo3Am1z","vKA6ikPdEee28BJbhmSN2A","89d64b44","2016-01-04 21:49:31",NA
"LEemVewWMPAqsm3Vo3Am1z","ujag3YBfEeevZApsRonn6A","ea950373","2016-05-19 10:24:30","2016-07-20 08:55:42"
"LEemVewWMPAqsm3Vo3Am1z","oX5fp8bXEeWs-BKzmUStyw","7f405fcf","2017-06-29 12:23:40",NA
"LEemVewWMPAqsm3Vo3Am1z","3f1NVRVUEeavcw5bns7DCQ","f446d010","2016-12-20 05:17:21",NA
"LEemVewWMPAqsm3Vo3Am1z","WdB0QwTUEeae0QpYWFNxmQ","74a41968","2016-01-06 05:50:04","2017-03-27 19:18:01"
"LEemVewWMPAqsm3Vo3Am1z","yBVbtdNSEeWrJhKRHKXGQw","3c57e725","2016-02-01 04:50:05","2016-11-21 07:28:26"
"LEemVewWMPAqsm3Vo3Am1z","cdPYHVneEee3RwoqcUym2A","785cc669","2016-03-23 03:46:42",NA
"LEemVewWMPAqsm3Vo3Am1z","He3UIr_aEeaT3ArPm3YMvA","59ae985e","2016-02-10 23:46:12",NA
"LEemVewWMPAqsm3Vo3Am1z","-8tcDzvVEeaIhBLoYw6bKw","faea1f80","2016-01-12 05:48:52",NA
"LEemVewWMPAqsm3Vo3Am1z","3f1NVRVUEeavcw5bns7DCQ","a4e25bbc","2016-07-18 04:12:04",NA
"LEemVewWMPAqsm3Vo3Am1z","0-AYv_RTEeWB9gr2ttYzXQ","16b6e8c7","2017-03-05 02:55:12",NA
"LEemVewWMPAqsm3Vo3Am1z","NVSVP7McEeWhLRIkesxXNw","9b91e54d","2016-01-18 14:56:34",NA
"LEemVewWMPAqsm3Vo3Am1z","xDAc96qiEeaL6BLnyGnxtA","7c500b7f","2016-09-15 09:41:59","2017-06-24 19:51:28"
"LEemVewWMPAqsm3Vo3Am1z","-8tcDzvVEeaIhBLoYw6bKw","f2793716","2016-08-09 01:51:17",NA
"LEemVewWMPAqsm3Vo3Am1z","QxRTLjNdEeeuuQ7tmHEh3A","6d0d651d","2016-03-13 04:24:55","2016-07-24 13:46:42"
"LEemVewWMPAqsm3Vo3Am1z","rEuEGlHWEeaydQoIWAk_aQ","14e923cc","2016-10-10 09:20:11",NA
"LEemVewWMPAqsm3Vo3Am1z","7N7vtnhXEeaAMhJFLX_1yQ","afe54e7e","2017-01-24 09:57:04","2016-09-25 16:25:55"
"LEemVewWMPAqsm3Vo3Am1z","NVSVP7McEeWhLRIkesxXNw","da589f36","2017-05-02 09:17:22","2017-05-19 06:51:31"
"LEemVewWMPAqsm3Vo3Am1z","LECGkP9UEeWW0grgb0UTkQ","9a0b77ab","2016-03-05 16:15:44",NA
"LEemVewWMPAqsm3Vo3Am1z","TACEbiBVEeaG3QqLdYDICw","3c4f7ed2","2016-07-07 23:37:13",NA
"LEemVewWMPAqsm3Vo3Am1z","-fYoa-DaEeasyA7gbVFQ7g","15a98ff4","2016-01-04 21:50:00",NA
"LEemVewWMPAqsm3Vo3Am1z","yBVbtdNSEeWrJhKRHKXGQw","9162560e","2016-02-10 22:50:01",NA
"LEemVewWMPAqsm3Vo3Am1z","8XrhyQdbEeeqzRJFs29uDA","3d96d42b","2016-05-22 22:16:58",NA
"LEemVewWMPAqsm3Vo3Am1z","PaOqsevbEea5qQpsMyj5hA","8a566e46","2016-07-04 15:06:04","2017-07-23 17:24:42"
"LEemVewWMPAqsm3Vo3Am1z","BITQH9jTEeWlkRK6P5OGjQ","a66fdab2","2016-02-09 00:10:28",NA
"LEemVewWMPAqsm3Vo3Am1z","QxRTLjNdEeeuuQ7tmHEh3A","52a11d1c","2017-08-26 04:16:54",NA
"LEemVewWMPAqsm3Vo3Am1z","Cy9NLxfdEeeskRI8P5CzrA","c8df3586","2017-07-08 01:24:47",NA
"LEemVewWMPAqsm3Vo3Am1z","i7Aicl9eEeeqKgpTZZjjFg","4a203bcc","2016-05-31 23:54:10","2016-05-18 05:10:24"
"LEemVewWMPAqsm3Vo3Am1z","oGkj4Y5YEeau6AqOJYpH0w","9251f923","2016-02-01 04:33:28",NA
"LEemVewWMPAqsm3Vo3Am1z","rZqfbu7TEeWPKQpBKpg03Q","57a7cb71","2016-05-03 06:38:01",NA
"LEemVewWMPAqsm3Vo3Am1z","oX5fp8bXEeWs-BKzmUStyw","c775393d","2016-06-09 11:56:09",NA
"LEemVewWMPAqsm3Vo3Am1z","g8LRSUxWEead_RIU7Fr4aw","980f72a6","2016-01-15 00:20:42",NA
"LEemVewWMPAqsm3Vo3Am1z","NVSVP7McEeWhLRIkesxXNw","d8bed37a","2017-01-31 19:07:05",NA
"LEemVewWMPAqsm3Vo3Am1z","J0aQWrMcEeWMNQ43fvJXFw","82466fe7","2017-09-24 08:21:52","2016-04-25 19:20:10"
"LEemVewWMPAqsm3Vo3Am1z","yk4wKttaEeazQRIGT3SGGA","b189c50","2016-04-12 15:21:19",NA
"LEemVewWMPAqsm3Vo3Am1z","ti1s87PeEeW2NBLvq9LZHQ","8aecc60b","2016-07-25 03:03:44",NA
"LEemVewWMPAqsm3Vo3Am1z","V_7JqUbWEeajOxLxiFQ2FQ","4fdb4df3","2016-02-09 12:00:21",NA
"LEemVewWMPAqsm3Vo3Am1z","BITQH9jTEeWlkRK6P5OGjQ","b3cb426f","2016-01-21 13:44:12","2017-09-12 03:13:32"
"LEemVewWMPAqsm3Vo3Am1z","cdPYHVneEee3RwoqcUym2A","ad3be6ce","2016-05-13 08:53:09",NA
"LEemVewWMPAqsm3Vo3Am1z","g8LRSUxWEead_RIU7Fr4aw","95db7e74","2017-09-12 10:39:03",NA
"LEemVewWMPAqsm3Vo3Am1z","3f1NVRVUEeavcw5bns7DCQ","3ecc8849","2016-02-18 18:12:30",NA
"LEemVewWMPAqsm3Vo3Am1z","L-AU5GJXEeaGXQq5jeF-9Q","cead6c6e","2017-06-11 17:19:28",NA
"LEemVewWMPAqsm3Vo3Am1z","3f1NVRVUEeavcw5bns7DCQ","12d6c7ae","2016-09-12 09:14:13",NA
"LEemVewWMPAqsm3Vo3Am1z","r9xqPw_UEea44Qp49aJR6w","2c8d4a8","2016-03-25 10:39:54",NA
"LEemVewWMPAqsm3Vo3Am1z","eVMueulTEeWlJhJpbKSYeQ","7812c790","2017-04-12 14:05:45",NA
"LEemVewWMPAqsm3Vo3Am1z","6rfBdTZVEeavCBLXfK_fXw","e0e5d6dd","2016-07-05 16:22:48",NA
"LEemVewWMPAqsm3Vo3Am1z","L-AU5GJXEeaGXQq5jeF-9Q","c05a2be8","2016-07-10 12:42:01","2017-07-26 12:18:53"
"LEemVewWMPAqsm3Vo3Am1z","R4daOcVaEeaYHgpNzSKpMA","48a567ce","2016-07-07 03:41:02",NA
"LEemVewWMPAqsm3Vo3Am1z","SHMXwgzcEeeI3ApPF_MNag","19122911","2016-01-29 17:52:23",NA
"LEemVewWMPAqsm3Vo3Am1z","SHdiB_FbEeaC1g4BewAvhA","ebb94280","2017-09-27 14:02:23",NA
"LEemVewWMPAqsm3Vo3Am1z","acLFDs0JEeW-EQ6jzRFIow","10603367","2017-07-22 01:32:03",NA
"LEemVewWMPAqsm3Vo3Am1z","4JKDYbTZEea1EAp2thKtSg","65a9b7d1","2016-11-05 05:16:00",NA
"LEemVewWMPAqsm3Vo3Am1z","ytfGc8eDEeWx-RJXp8WlWQ","796c7d6b","2016-07-12 19:56:19",NA
"LEemVewWMPAqsm3Vo3Am1z","V_7JqUbWEeajOxLxiFQ2FQ","748953f8","2016-02-12 14:28:55",NA
"LEemVewWMPAqsm3Vo3Am1z","oX5fp8bXEeWs-BKzmUStyw","afe1e007","2017-04-10 08:26:34",NA
"LEemVewWMPAqsm3Vo3Am1z","092hnldWEeaWYQrYt-DiIQ","7776ea32","2017-03-08 17:14:57",NA
"LEemVewWMPAqsm3Vo3Am1z","rZqfbu7TEeWPKQpBKpg03Q","bf6316e","2017-03-26 13:27:00",NA
"LEemVewWMPAqsm3Vo3Am1z","L-AU5GJXEeaGXQq5jeF-9Q","e07f85c1","2017-08-15 00:57:46","2017-09-05 14:15:40"
"LEemVewWMPAqsm3Vo3Am1z","6rfBdTZVEeavCBLXfK_fXw","88c03018","2016-01-25 16:31:51",NA
"LEemVewWMPAqsm3Vo3Am1z","_gYNQZlYEeaoXBIFunkgUg","ea543402","2017-08-10 14:45:24",NA
"LEemVewWMPAqsm3Vo3Am1z","eVMueulTEeWlJhJpbKSYeQ","bd9c9750","2016-08-01 21:57:05",NA
"LEemVewWMPAqsm3Vo3Am1z","NNMbmm_fEeez2RJWre3Wzg","2bc6edc1","2016-01-04 21:50:27","2017-04-24 00:48:57"
"LEemVewWMPAqsm3Vo3Am1z","ti1s87PeEeW2NBLvq9LZHQ","7aeacbc1","2016-09-30 20:06:54",NA
"LEemVewWMPAqsm3Vo3Am1z","WdB0QwTUEeae0QpYWFNxmQ","96db3fe7","2016-01-04 21:48:31","2016-09-30 05:31:02"
"LEemVewWMPAqsm3Vo3Am1z","U1r8MlReEeeQwApbqFuYng","84ffcc56","2017-06-26 09:43:13",NA
"LEemVewWMPAqsm3Vo3Am1z","ytfGc8eDEeWx-RJXp8WlWQ","33d5cf7c","2017-07-12 13:17:51",NA
"LEemVewWMPAqsm3Vo3Am1z","J0aQWrMcEeWMNQ43fvJXFw","ba6665bb","2016-03-01 05:41:49",NA
"LEemVewWMPAqsm3Vo3Am1z","J0aQWrMcEeWMNQ43fvJXFw","ab082306","2016-01-11 15:17:17",NA
"LEemVewWMPAqsm3Vo3Am1z","oX5fp8bXEeWs-BKzmUStyw","bdd09af3","2016-05-17 09:46:19",NA
"LEemVewWMPAqsm3Vo3Am1z","RwEv7sraEeamigqyCdJHXA","f162fe36","2016-08-24 12:39:38",NA
"LEemVewWMPAqsm3Vo3Am1z","zrJ2TJPYEeaHRwr5_eYMew","41f8d1af","2017-07-07 17:54:35",NA
"LEemVewWMPAqsm3Vo3Am1z","owSz19XaEeacPwoa-b1QWA","6a749583","2016-01-04 21:49:05",NA
"LEemVewWMPAqsm3Vo3Am1z","eTYhv_bbEeaLjw4_t1TJig","823346dd","2016-07-30 03:02:50","2016-12-20 21:09:13"
"LEemVewWMPAqsm3Vo3Am1z","LECGkP9UEeWW0grgb0UTkQ","13761fcd","2017-07-18 16:23:24",NA
"LEemVewWMPAqsm3Vo3Am1z","oX5fp8bXEeWs-BKzmUStyw","227955af","2016-01-04 21:49:06",NA
"LEemVewWMPAqsm3Vo3Am1z","g8LRSUxWEead_RIU7Fr4aw","35f717a4","2016-09-08 19:06:28",NA
"LEemVewWMPAqsm3Vo3Am1z","He3UIr_aEeaT3ArPm3YMvA","b9d67d49","2017-04-22 21:40:14",NA
"LEemVewWMPAqsm3Vo3Am1z","QxRTLjNdEeeuuQ7tmHEh3A","f13d0ffc","2017-02-05 06:32:03",NA
"LEemVewWMPAqsm3Vo3Am1z","J0aQWrMcEeWMNQ43fvJXFw","6a8c201","2016-08-21 23:10:47",NA
"LEemVewWMPAqsm3Vo3Am1z","acLFDs0JEeW-EQ6jzRFIow","57c9416a","2017-01-08 13:20:12","2017-04-24 10:39:04"
"LEemVewWMPAqsm3Vo3Am1z","ti1s87PeEeW2NBLvq9LZHQ","daab6b49","2016-08-01 10:07:44",NA
"LEemVewWMPAqsm3Vo3Am1z","Esmiw07eEeeleRKBAdHXHg","3ac01275","2017-05-15 19:43:07","2016-07-18 09:01:21"
"LEemVewWMPAqsm3Vo3Am1z","GqOCa33YEeaMlg79Dbn3AQ","180d141d","2016-02-05 19:43:03","2017-04-09 09:51:17"
"LEemVewWMPAqsm3Vo3Am1z","J0aQWrMcEeWMNQ43fvJXFw","890abb4b","2016-02-10 23:41:36",NA
"LEemVewWMPAqsm3Vo3Am1z","RwEv7sraEeamigqyCdJHXA","ade50588","2016-10-31 18:50:13","2017-03-11 09:48:05"
"LEemVewWMPAqsm3Vo3Am1z","-bu06yhcEeezyRLjKgAj0A","8cb1e25a","2017-07-12 20:36:31","2016-06-04 20:04:55"
"LEemVewWMPAqsm3Vo3Am1z","BITQH9jTEeWlkRK6P5OGjQ","1d84b335","2017-02-07 11:47:21",NA
"LEemVewWMPAqsm3Vo3Am1z","1Uhc44XfEee3oBJxXb3ZyA","897a7c97","2017-02-27 13:32:28",NA
"LEemVewWMPAqsm3Vo3Am1z","1Uhc44XfEee3oBJxXb3ZyA","68954603","2016-02-11 00:05:51",NA
"LEemVewWMPAqsm3Vo3Am1z","Cy9NLxfdEeeskRI8P5CzrA","8f1808ad","2016-02-19 17:24:17",NA
"LEemVewWMPAqsm3Vo3Am1z","oX5fp8bXEeWs-BKzmUStyw","1cfd1f24","2016-09-01 23:06:06",NA
"LEemVewWMPAqsm3Vo3Am1z","m6rFCj5dEeeRfQo954YHfA","3a7b6b21","2016-09-06 07:59:26","2016-04-14 19:13:16"
"LEemVewWMPAqsm3Vo3Am1z","RwEv7sraEeamigqyCdJHXA","b61cf2de","2016-04-11 11:38:39","2017-09-22 21:19:01"
"LEemVewWMPAqsm3Vo3Am1z","R4daOcVaEeaYHgpNzSKpMA","ce6f12de","2016-10-13 11:32:03",NA
"LEemVewWMPAqsm3Vo3Am1z","acLFDs0JEeW-EQ6jzRFIow","edde792f","2017-03-09 06:34:40","2016-03-11 23:18:06"
"LEemVewWMPAqsm3Vo3Am1z","ThgOdhJcEee-zxLiP2lECg","3eff0fc8","2017-08-30 02:45:51",NA
"LEemVewWMPAqsm3Vo3Am1z","ytfGc8eDEeWx-RJXp8WlWQ","d7fb0709","2016-04-28 20:16:54",NA
"LEemVewWMPAqsm3Vo3Am1z","ytfGc8eDEeWx-RJXp8WlWQ","6c4483f2","2016-07-17 15:03:14",NA
"LEemVewWMPAqsm3Vo3Am1z","-8tcDzvVEeaIhBLoYw6bKw","e77ccacb","2017-06-25 08:08:57",NA
"LEemVewWMPAqsm3Vo3Am1z","He3UIr_aEeaT3ArPm3YMvA","a13fc07d","2017-04-19 21:52:44",NA
"LEemVewWMPAqsm3Vo3Am1z","ti1s87PeEeW2NBLvq9LZHQ","80e59574","2017-01-31 01:07:34",NA
"LEemVewWMPAqsm3Vo3Am1z","9AJYlEldEeeUSBKKbGt2Tg","2bde46dc","2016-05-06 16:08:01","2016-10-17 16:18:14"
"LEemVewWMPAqsm3Vo3Am1z","V5yKli9DEeah7Ap12GQcTQ","9f07dabd","2017-03-17 11:02:41",NA
"LEemVewWMPAqsm3Vo3Am1z","He3UIr_aEeaT3ArPm3YMvA","20c8acbe","2017-07-20 16:45:42",NA
"LEemVewWMPAqsm3Vo3Am1z","NVSVP7McEeWhLRIkesxXNw","6ab04feb","2016-01-04 21:50:52",NA
"LEemVewWMPAqsm3Vo3Am1z","6rfBdTZVEeavCBLXfK_fXw","c156e870","2016-10-14 14:13:18",NA
"LEemVewWMPAqsm3Vo3Am1z","oX5fp8bXEeWs-BKzmUStyw","8ccda134","2017-04-10 19:54:54",NA
"LEemVewWMPAqsm3Vo3Am1z","qcOkNK9ZEeasQQ4QloxU4g","e3e5085","2016-05-24 03:41:11","2017-06-12 19:23:32"
"LEemVewWMPAqsm3Vo3Am1z","R4daOcVaEeaYHgpNzSKpMA","e6bd709b","2016-06-12 15:07:15","2017-04-01 16:51:03"
"LEemVewWMPAqsm3Vo3Am1z","8XrhyQdbEeeqzRJFs29uDA","be18978f","2017-02-13 16:47:11","2017-07-09 15:21:25"
"LEemVewWMPAqsm3Vo3Am1z","J0aQWrMcEeWMNQ43fvJXFw","f2793716","2017-07-06 01:01:08",NA
"LEemVewWMPAqsm3Vo3Am1z","SHdiB_FbEeaC1g4BewAvhA","cb89a05","2016-11-07 18:35:07","2016-10-15 15:26:19"
"LEemVewWMPAqsm3Vo3Am1z","J0aQWrMcEeWMNQ43fvJXFw","1581f8de","2017-09-19 01:45:42",NA
"LEemVewWMPAqsm3Vo3Am1z","67T3m7pZEealvA6gwFIz4g","d273430","2017-03-09 14:16:11",NA
"LEemVewWMPAqsm3Vo3Am1z","9AJYlEldEeeUSBKKbGt2Tg","d5128bfa","2017-06-30 15:40:50",NA
"LEemVewWMPAqsm3Vo3Am1z","Cy9NLxfdEeeskRI8P5CzrA","fede951b","2016-02-10 23:26:42",NA
"LEemVewWMPAqsm3Vo3Am1z","8XrhyQdbEeeqzRJFs29uDA","17dd8020","2017-08-07 08:14:48",NA
"LEemVewWMPAqsm3Vo3Am1z","ytfGc8eDEeWx-RJXp8WlWQ","5e5eb30e","2017-05-25 16:24:22","2016-05-30 07:41:54"
"LEemVewWMPAqsm3Vo3Am1z","RwEv7sraEeamigqyCdJHXA","cab83ef6","2016-02-07 07:52:56",NA
"LEemVewWMPAqsm3Vo3Am1z","3f1NVRVUEeavcw5bns7DCQ","8806ce76","2016-02-11 00:27:54",NA
"LEemVewWMPAqsm3Vo3Am1z","0-AYv_RTEeWB9gr2ttYzXQ","ce96903a","2016-01-04 21:48:41","2016-09-07 06:52:58"
"LEemVewWMPAqsm3Vo3Am1z","NNMbmm_fEeez2RJWre3Wzg","21325976","2016-09-14 12:46:39","2017-04-07 10:56:03"
"LEemVewWMPAqsm3Vo3Am1z","oGkj4Y5YEeau6AqOJYpH0w","4ed2287","2017-07-30 17:57:17",NA
"LEemVewWMPAqsm3Vo3Am1z","SMEl7nVfEeeAFw6nEgpmmA","478835f7","2016-04-06 07:44:21",NA
"LEemVewWMPAqsm3Vo3Am1z","T202pOPTEeWkNw7bGPYHLw","8daec212","2016-06-07 18:31:00",NA
"LEemVewWMPAqsm3Vo3Am1z","owBJpXrfEeewcQoUHVZbcg","74abed46","2017-02-07 08:36:19",NA
"LEemVewWMPAqsm3Vo3Am1z","L0alYOZbEeaOJwr5wT2zdA","e41767af","2016-03-17 10:49:38",NA
"LEemVewWMPAqsm3Vo3Am1z","acLFDs0JEeW-EQ6jzRFIow","ec41f110","2016-06-19 23:25:42",NA
"LEemVewWMPAqsm3Vo3Am1z","3L7KDiLcEeeO6xKx1KO_Vg","42b2c05b","2016-03-27 13:21:45","2017-01-29 09:58:23"
"LEemVewWMPAqsm3Vo3Am1z","7N7vtnhXEeaAMhJFLX_1yQ","f0a34ed7","2016-09-24 13:01:50","2017-05-15 14:35:05"
"LEemVewWMPAqsm3Vo3Am1z","aZFXYzjdEeeD_A4z82yUUg","bc6216f","2017-04-08 11:44:44",NA
"LEemVewWMPAqsm3Vo3Am1z","ytkm3ceDEeWwyg7SJZ3bgQ","d97a76eb","2016-02-02 08:12:04","2017-09-25 18:06:56"
"LEemVewWMPAqsm3Vo3Am1z","NVSVP7McEeWhLRIkesxXNw","cc1d72d5","2016-02-23 18:26:34",NA
"LEemVewWMPAqsm3Vo3Am1z","ytkm3ceDEeWwyg7SJZ3bgQ","a6ff14ae","2016-12-26 20:59:17",NA
"LEemVewWMPAqsm3Vo3Am1z","xDAc96qiEeaL6BLnyGnxtA","730ef7e8","2016-08-23 10:26:47","2016-04-19 05:12:28"
"LEemVewWMPAqsm3Vo3Am1z","AuZ6cfnUEeWnyw45DXyCTw","831f15d6","2016-02-10 13:04:07",NA
"LEemVewWMPAqsm3Vo3Am1z","SMEl7nVfEeeAFw6nEgpmmA","334417c2","2016-06-17 15:51:41",NA
"LEemVewWMPAqsm3Vo3Am1z","IwQ8J95TEeWdPBL2iFTrAw","671407f5","2016-10-31 10:57:01",NA
"LEemVewWMPAqsm3Vo3Am1z","acLFDs0JEeW-EQ6jzRFIow","28275324","2017-04-19 01:19:57",NA
"LEemVewWMPAqsm3Vo3Am1z","xwd7IXLXEeaFMgoDse8ePQ","65a9b7d1","2016-05-26 02:55:16",NA
"LEemVewWMPAqsm3Vo3Am1z","a_hBLGfXEeao3RIiUksYQw","a61607a0","2017-03-18 14:39:05","2017-04-14 14:45:37"
"LEemVewWMPAqsm3Vo3Am1z","MlvWPp7ZEeaeFgp1HJGIrg","ad1d6908","2017-07-25 08:40:37","2017-03-20 18:04:17"
"LEemVewWMPAqsm3Vo3Am1z","V5yKli9DEeah7Ap12GQcTQ","5c32d4a8","2016-03-11 03:56:00",NA
"LEemVewWMPAqsm3Vo3Am1z","a_hBLGfXEeao3RIiUksYQw","1562998e","2016-05-06 07:30:04","2016-07-11 05:26:10"
"LEemVewWMPAqsm3Vo3Am1z","J0aQWrMcEeWMNQ43fvJXFw","3a6d15cf","2016-06-07 10:43:03","2017-09-14 02:25:03"
"LEemVewWMPAqsm3Vo3Am1z","acLFDs0JEeW-EQ6jzRFIow","bd8d3b25","2016-04-03 02:54:11",NA
"LEemVewWMPAqsm3Vo3Am1z","J0aQWrMcEeWMNQ43fvJXFw","45d2f252","2016-04-19 05:12:29",NA
"LEemVewWMPAqsm3Vo3Am1z","J0aQWrMcEeWMNQ43fvJXFw","86aeabd9","2016-03-14 14:57:59",NA
"LEemVewWMPAqsm3Vo3Am1z","ytkm3ceDEeWwyg7SJZ3bgQ","9f54f2d8","2016-01-17 12:34:54","2016-10-15 14:07:34"
"LEemVewWMPAqsm3Vo3Am1z","-fYoa-DaEeasyA7gbVFQ7g","3cac8f3b","2016-01-04 21:49:37",NA
"LEemVewWMPAqsm3Vo3Am1z","nNa1WitVEea0DRLrrvCCTQ","692c1824","2016-01-05 16:40:08","2016-06-13 03:43:31"
"LEemVewWMPAqsm3Vo3Am1z","0-AYv_RTEeWB9gr2ttYzXQ","b2e3aafd","2016-01-04 21:50:30",NA
"LEemVewWMPAqsm3Vo3Am1z","oGkj4Y5YEeau6AqOJYpH0w","3b9eeb53","2017-08-03 07:44:19",NA
"LEemVewWMPAqsm3Vo3Am1z","J0aQWrMcEeWMNQ43fvJXFw","9c6f3101","2016-03-01 16:11:39","2016-02-10 17:47:31"
"LEemVewWMPAqsm3Vo3Am1z","He3UIr_aEeaT3ArPm3YMvA","19b8fda3","2016-02-10 23:54:50",NA
"LEemVewWMPAqsm3Vo3Am1z","DxwuuRrVEeaG9hJ5J1R7HQ","8d3afe29","2016-02-18 02:12:40",NA
"LEemVewWMPAqsm3Vo3Am1z","xDAc96qiEeaL6BLnyGnxtA","3b83467f","2016-01-06 01:38:20",NA
"LEemVewWMPAqsm3Vo3Am1z","3L7KDiLcEeeO6xKx1KO_Vg","fab74e7c","2016-12-26 18:58:18",NA
"LEemVewWMPAqsm3Vo3Am1z","QxRTLjNdEeeuuQ7tmHEh3A","9a67f742","2016-05-05 16:31:53","2016-05-27 11:45:34"
"LEemVewWMPAqsm3Vo3Am1z","PaOqsevbEea5qQpsMyj5hA","4a743c74","2016-11-24 10:57:38",NA
"LEemVewWMPAqsm3Vo3Am1z","3f1NVRVUEeavcw5bns7DCQ","f6e2d6f7","2017-08-19 02:55:28",NA
"LEemVewWMPAqsm3Vo3Am1z","a_hBLGfXEeao3RIiUksYQw","d44b8a52","2016-12-21 20:38:21",NA
"LEemVewWMPAqsm3Vo3Am1z","sTqLRh1cEeeq4gqhD-WaKA","5d55c5c3","2016-03-20 00:58:24",NA
"LEemVewWMPAqsm3Vo3Am1z","AuZ6cfnUEeWnyw45DXyCTw","ac7dd47b","2017-07-24 02:29:36",NA
"LEemVewWMPAqsm3Vo3Am1z","J0aQWrMcEeWMNQ43fvJXFw","e6ae5027","2016-04-04 05:21:30",NA
"LEemVewWMPAqsm3Vo3Am1z","vKA6ikPdEee28BJbhmSN2A","89e536be","2016-04-13 22:53:13","2016-06-05 22:57:06"
"LEemVewWMPAqsm3Vo3Am1z","rEuEGlHWEeaydQoIWAk_aQ","8eb20da5","2016-07-28 22:26:27",NA
"LEemVewWMPAqsm3Vo3Am1z","Esmiw07eEeeleRKBAdHXHg","f2132d35","2017-04-05 01:33:35","2017-08-15 08:23:41"
"LEemVewWMPAqsm3Vo3Am1z","PaOqsevbEea5qQpsMyj5hA","d551edc1","2016-11-03 10:15:06",NA
"LEemVewWMPAqsm3Vo3Am1z","R4daOcVaEeaYHgpNzSKpMA","1bbd7ac6","2017-08-23 08:41:49",NA
"LEemVewWMPAqsm3Vo3Am1z","BITQH9jTEeWlkRK6P5OGjQ","d3a7d02a","2017-02-16 11:15:32","2017-06-18 08:53:55"
"LEemVewWMPAqsm3Vo3Am1z","-bu06yhcEeezyRLjKgAj0A","6bf17ba1","2016-01-05 07:25:33",NA
"LEemVewWMPAqsm3Vo3Am1z","NVSVP7McEeWhLRIkesxXNw","941ee3e6","2016-04-26 08:01:51",NA
"LEemVewWMPAqsm3Vo3Am1z","J0aQWrMcEeWMNQ43fvJXFw","2e257c17","2016-10-17 21:37:19","2016-09-25 15:02:32"
"LEemVewWMPAqsm3Vo3Am1z","0-AYv_RTEeWB9gr2ttYzXQ","e54f003","2016-01-19 12:39:06",NA
"LEemVewWMPAqsm3Vo3Am1z","ytfGc8eDEeWx-RJXp8WlWQ","9449a99f","2016-02-11 00:27:28",NA
"LEemVewWMPAqsm3Vo3Am1z","DxwuuRrVEeaG9hJ5J1R7HQ","8295d639","2017-03-21 12:53:09",NA
"LEemVewWMPAqsm3Vo3Am1z","J0aQWrMcEeWMNQ43fvJXFw","2cefef34","2016-05-18 19:38:45",NA
"LEemVewWMPAqsm3Vo3Am1z","ytgUsseDEeWs-BKzmUStyw","6bb42073","2017-02-20 03:25:45","2016-12-31 10:48:31"
"LEemVewWMPAqsm3Vo3Am1z","NVSVP7McEeWhLRIkesxXNw","e167159a","2016-03-02 08:49:53",NA
"LEemVewWMPAqsm3Vo3Am1z","acLFDs0JEeW-EQ6jzRFIow","88dcc79a","2017-01-05 00:38:37","2017-01-03 11:10:53"
"LEemVewWMPAqsm3Vo3Am1z","J0aQWrMcEeWMNQ43fvJXFw","cd32f1f5","2016-09-20 20:07:12",NA
"LEemVewWMPAqsm3Vo3Am1z","TACEbiBVEeaG3QqLdYDICw","741afc13","2016-01-18 02:43:30","2016-07-12 00:28:37"
"LEemVewWMPAqsm3Vo3Am1z","a_hBLGfXEeao3RIiUksYQw","79cf2834","2016-04-10 22:09:26",NA
"LEemVewWMPAqsm3Vo3Am1z","eVMueulTEeWlJhJpbKSYeQ","b122012d","2016-06-25 14:17:29",NA
"LEemVewWMPAqsm3Vo3Am1z","ytgUsseDEeWs-BKzmUStyw","9d119760","2016-08-30 02:29:49",NA
"LEemVewWMPAqsm3Vo3Am1z","ThgOdhJcEee-zxLiP2lECg","5cced9c3","2017-02-24 10:26:09",NA
"LEemVewWMPAqsm3Vo3Am1z","L-AU5GJXEeaGXQq5jeF-9Q","5532de25","2016-04-14 12:32:42",NA
"LEemVewWMPAqsm3Vo3Am1z","SHdiB_FbEeaC1g4BewAvhA","2c40f4b1","2016-06-02 15:31:18",NA
"LEemVewWMPAqsm3Vo3Am1z","a_hBLGfXEeao3RIiUksYQw","8548459a","2016-01-29 21:56:23","2017-08-10 22:25:17"
"LEemVewWMPAqsm3Vo3Am1z","oX5fp8bXEeWs-BKzmUStyw","1f7f00a9","2017-05-08 02:32:04",NA
"LEemVewWMPAqsm3Vo3Am1z","SHMXwgzcEeeI3ApPF_MNag","fb9417da","2016-03-02 13:33:17","2017-01-11 16:06:48"
"LEemVewWMPAqsm3Vo3Am1z","ThgOdhJcEee-zxLiP2lECg","cef4184","2016-02-12 05:38:22",NA
"LEemVewWMPAqsm3Vo3Am1z","DxwuuRrVEeaG9hJ5J1R7HQ","1502500","2016-05-16 02:05:52",NA
"LEemVewWMPAqsm3Vo3Am1z","ti1s87PeEeW2NBLvq9LZHQ","99cf04ec","2017-03-03 13:37:00",NA
"LEemVewWMPAqsm3Vo3Am1z","ujag3YBfEeevZApsRonn6A","bd6f3201","2016-08-08 10:02:31","2017-08-20 09:45:43"
"LEemVewWMPAqsm3Vo3Am1z","J0aQWrMcEeWMNQ43fvJXFw","952d8491","2017-07-19 08:58:41","2017-07-18 14:19:06"
"LEemVewWMPAqsm3Vo3Am1z","NVSVP7McEeWhLRIkesxXNw","3fe040e1","2017-07-25 01:52:26","2016-11-16 16:08:18"
"LEemVewWMPAqsm3Vo3Am1z","ngyhO_xbEea3RQ4e3JyLNA","930f87d3","2017-08-13 17:03:42",NA
"LEemVewWMPAqsm3Vo3Am1z","ytgUsseDEeWs-BKzmUStyw","3c9655b5","2016-03-03 01:19:58","2017-08-23 06:21:52"
"LEemVewWMPAqsm3Vo3Am1z","ujag3YBfEeevZApsRonn6A","3bcf54a8","2017-01-12 03:47:50",NA
"LEemVewWMPAqsm3Vo3Am1z","qcOkNK9ZEeasQQ4QloxU4g","ff137d1","2016-03-31 02:53:49",NA
"LEemVewWMPAqsm3Vo3Am1z","owSz19XaEeacPwoa-b1QWA","b0e517a","2016-11-29 00:41:47",NA
"LEemVewWMPAqsm3Vo3Am1z","UBhQB4NYEeaR8hKbrn-CTQ","3dd69b70","2016-02-26 02:33:48",NA
"LEemVewWMPAqsm3Vo3Am1z","oX5fp8bXEeWs-BKzmUStyw","7bf92e1b","2016-05-20 21:15:29","2016-08-10 15:16:12"
"LEemVewWMPAqsm3Vo3Am1z","yBVbtdNSEeWrJhKRHKXGQw","6f4ef997","2016-01-04 21:49:14","2016-06-23 08:19:15"
"LEemVewWMPAqsm3Vo3Am1z","ujag3YBfEeevZApsRonn6A","44e9645c","2016-02-11 02:56:03",NA
"LEemVewWMPAqsm3Vo3Am1z","yBVbtdNSEeWrJhKRHKXGQw","9e36bf90","2016-09-07 12:34:20",NA
"LEemVewWMPAqsm3Vo3Am1z","3f1NVRVUEeavcw5bns7DCQ","91115944","2016-09-06 20:11:31","2017-02-19 12:43:04"
"LEemVewWMPAqsm3Vo3Am1z","nNa1WitVEea0DRLrrvCCTQ","52612eab","2016-11-12 01:01:50",NA
"LEemVewWMPAqsm3Vo3Am1z","NVSVP7McEeWhLRIkesxXNw","ad1d6908","2017-04-12 08:21:44",NA
"LEemVewWMPAqsm3Vo3Am1z","MlvWPp7ZEeaeFgp1HJGIrg","3f593290","2016-12-06 12:55:22",NA
"LEemVewWMPAqsm3Vo3Am1z","eVMueulTEeWlJhJpbKSYeQ","6a945256","2017-04-02 07:31:38",NA
"LEemVewWMPAqsm3Vo3Am1z","eTYhv_bbEeaLjw4_t1TJig","fd918395","2016-09-15 01:52:35","2017-08-01 20:27:26"
"LEemVewWMPAqsm3Vo3Am1z","-bu06yhcEeezyRLjKgAj0A","948ccf82","2016-07-14 08:21:53",NA
"LEemVewWMPAqsm3Vo3Am1z","J0aQWrMcEeWMNQ43fvJXFw","84e269fb","2016-07-29 18:36:32",NA
"LEemVewWMPAqsm3Vo3Am1z","ggZlytBaEea1wwoBET7GFA","284ec51f","2017-02-05 18:50:20",NA
"LEemVewWMPAqsm3Vo3Am1z","0-AYv_RTEeWB9gr2ttYzXQ","b0f96792","2017-03-20 05:16:58","2017-08-20 14:26:23"
"LEemVewWMPAqsm3Vo3Am1z","o1D8asbXEeWQeBKXzVfQFQ","1f23f77","2016-10-13 21:41:42",NA
"LEemVewWMPAqsm3Vo3Am1z","r9xqPw_UEea44Qp49aJR6w","fcd23ee3","2016-09-08 08:31:52","2016-02-25 01:28:36"
"LEemVewWMPAqsm3Vo3Am1z","qcOkNK9ZEeasQQ4QloxU4g","3d7e02e6","2016-03-02 06:02:16","2017-01-31 16:54:12"
"LEemVewWMPAqsm3Vo3Am1z","R4daOcVaEeaYHgpNzSKpMA","4d63de7d","2017-03-13 21:32:42",NA
"LEemVewWMPAqsm3Vo3Am1z","J0aQWrMcEeWMNQ43fvJXFw","b197b2ba","2016-02-02 07:58:26",NA
"LEemVewWMPAqsm3Vo3Am1z","T202pOPTEeWkNw7bGPYHLw","1d3f39bd","2016-05-27 11:45:34","2017-01-13 19:25:48"
"LEemVewWMPAqsm3Vo3Am1z","ytgUsseDEeWs-BKzmUStyw","c2014ff4","2016-12-23 07:09:41","2016-10-11 22:44:55"
"LEemVewWMPAqsm3Vo3Am1z","g8LRSUxWEead_RIU7Fr4aw","61eeffce","2016-08-18 20:26:06","2016-02-24 04:16:17"
"LEemVewWMPAqsm3Vo3Am1z","eVMueulTEeWlJhJpbKSYeQ","8c1504c3","2016-08-26 09:55:26",NA
"LEemVewWMPAqsm3Vo3Am1z","LECGkP9UEeWW0grgb0UTkQ","e20f19e6","2017-09-20 02:10:23",NA
"LEemVewWMPAqsm3Vo3Am1z","qcOkNK9ZEeasQQ4QloxU4g","5322e3b0","2016-03-16 17:35:31","2017-08-28 19:23:05"
"LEemVewWMPAqsm3Vo3Am1z","cG5-pyXVEeaBWRI_KGGi0Q","8c7a8bf8","2017-03-15 02:08:27",NA
"LEemVewWMPAqsm3Vo3Am1z","MlvWPp7ZEeaeFgp1HJGIrg","93edf09a","2017-03-26 20:01:04",NA
"LEemVewWMPAqsm3Vo3Am1z","-bu06yhcEeezyRLjKgAj0A","244050e9","2016-03-28 00:17:55",NA
"LEemVewWMPAqsm3Vo3Am1z","J0aQWrMcEeWMNQ43fvJXFw","34d22af3","2017-07-27 14:52:28","2017-09-20 07:07:18"
"LEemVewWMPAqsm3Vo3Am1z","NVSVP7McEeWhLRIkesxXNw","27e2458","2016-02-10 23:38:39",NA
"LEemVewWMPAqsm3Vo3Am1z","oX5fp8bXEeWs-BKzmUStyw","c5593b31","2017-07-16 20:22:44",NA
"LEemVewWMPAqsm3Vo3Am1z","i7Aicl9eEeeqKgpTZZjjFg","211c2620","2016-01-30 22:59:01",NA
"LEemVewWMPAqsm3Vo3Am1z","4JKDYbTZEea1EAp2thKtSg","52210080","2016-06-04 18:05:20",NA
"LEemVewWMPAqsm3Vo3Am1z","NVSVP7McEeWhLRIkesxXNw","7b277dbd","2016-03-05 06:18:16","2016-07-18 09:48:29"
"LEemVewWMPAqsm3Vo3Am1z","sTqLRh1cEeeq4gqhD-WaKA","a59199b9","2017-08-14 20:17:49","2016-01-26 21:43:33"
"LEemVewWMPAqsm3Vo3Am1z","IwQ8J95TEeWdPBL2iFTrAw","ec5f66d0","2016-08-19 14:08:22",NA
"LEemVewWMPAqsm3Vo3Am1z","RwEv7sraEeamigqyCdJHXA","3ac5d86f","2016-06-07 02:27:01","2016-01-19 00:10:10"
"LEemVewWMPAqsm3Vo3Am1z","nNa1WitVEea0DRLrrvCCTQ","b8e90cfb","2017-09-12 19:34:08",NA
"LEemVewWMPAqsm3Vo3Am1z","r9xqPw_UEea44Qp49aJR6w","6a24ba33","2016-11-06 16:25:49",NA
"LEemVewWMPAqsm3Vo3Am1z","oX5fp8bXEeWs-BKzmUStyw","15575c96","2016-08-21 23:25:50",NA
"LEemVewWMPAqsm3Vo3Am1z","3f1NVRVUEeavcw5bns7DCQ","537305ef","2016-07-08 05:07:49",NA
"LEemVewWMPAqsm3Vo3Am1z","eTYhv_bbEeaLjw4_t1TJig","133d5889","2016-09-25 06:42:54",NA
"LEemVewWMPAqsm3Vo3Am1z","NVSVP7McEeWhLRIkesxXNw","3f01fa21","2017-09-13 05:02:49",NA
"LEemVewWMPAqsm3Vo3Am1z","qcOkNK9ZEeasQQ4QloxU4g","28747ad1","2016-02-03 13:58:20",NA
"LEemVewWMPAqsm3Vo3Am1z","eTYhv_bbEeaLjw4_t1TJig","ad47d1a4","2016-12-21 20:57:27","2017-05-09 15:37:24"
"LEemVewWMPAqsm3Vo3Am1z","jach2gpUEeaWWg6E9amO-Q","f5a63e5d","2016-07-11 15:38:45",NA
"LEemVewWMPAqsm3Vo3Am1z","ThgOdhJcEee-zxLiP2lECg","4998769d","2016-05-17 17:06:50",NA
"LEemVewWMPAqsm3Vo3Am1z","Esmiw07eEeeleRKBAdHXHg","7a28fe3f","2016-02-24 17:33:59",NA
"LEemVewWMPAqsm3Vo3Am1z","3f1NVRVUEeavcw5bns7DCQ","7859ec7a","2016-01-04 21:48:38",NA
"LEemVewWMPAqsm3Vo3Am1z","nNa1WitVEea0DRLrrvCCTQ","a9bfbf2b","2016-05-08 09:01:06",NA
"LEemVewWMPAqsm3Vo3Am1z","NVSVP7McEeWhLRIkesxXNw","f7c9d1ba","2016-07-16 06:51:17",NA
"LEemVewWMPAqsm3Vo3Am1z","3f1NVRVUEeavcw5bns7DCQ","ec61bac8","2016-01-09 11:14:49",NA
"LEemVewWMPAqsm3Vo3Am1z","owSz19XaEeacPwoa-b1QWA","4c135e8a","2016-05-10 11:25:21",NA
"LEemVewWMPAqsm3Vo3Am1z","zrJ2TJPYEeaHRwr5_eYMew","48e07dd3","2016-03-03 04:25:39",NA
"LEemVewWMPAqsm3Vo3Am1z","o1D8asbXEeWQeBKXzVfQFQ","87d32796","2016-09-20 02:49:35",NA
"LEemVewWMPAqsm3Vo3Am1z","WdB0QwTUEeae0QpYWFNxmQ","2e2680e6","2016-07-10 19:55:58",NA
"LEemVewWMPAqsm3Vo3Am1z","J0aQWrMcEeWMNQ43fvJXFw","4f9f633a","2016-09-18 08:28:13","2016-09-11 14:31:36"
"LEemVewWMPAqsm3Vo3Am1z","oX5fp8bXEeWs-BKzmUStyw","3e3379f7","2016-05-18 18:40:27",NA
"LEemVewWMPAqsm3Vo3Am1z","L-AU5GJXEeaGXQq5jeF-9Q","d1317e2e","2016-11-11 21:00:03",NA
"LEemVewWMPAqsm3Vo3Am1z","ti1s87PeEeW2NBLvq9LZHQ","4010a248","2016-05-03 09:14:38",NA
"LEemVewWMPAqsm3Vo3Am1z","rZqfbu7TEeWPKQpBKpg03Q","99543ce8","2017-05-19 14:55:25",NA
"LEemVewWMPAqsm3Vo3Am1z","KL00fUFWEeaS0w6RXgoWAw","23ef9e02","2016-03-11 16:23:15",NA
"LEemVewWMPAqsm3Vo3Am1z","G4Cu-i3dEee7-ArL2SqqXA","f0ecf3d3","2017-06-09 03:40:01","2016-05-05 17:47:53"
"LEemVewWMPAqsm3Vo3Am1z","KL00fUFWEeaS0w6RXgoWAw","7bf440b0","2016-12-19 02:56:33",NA
"LEemVewWMPAqsm3Vo3Am1z","NVSVP7McEeWhLRIkesxXNw","1ef7d319","2017-02-01 22:31:05","2017-06-29 07:33:08"
"LEemVewWMPAqsm3Vo3Am1z","T202pOPTEeWkNw7bGPYHLw","86ee5983","2017-04-26 22:32:14",NA
"LEemVewWMPAqsm3Vo3Am1z","R4daOcVaEeaYHgpNzSKpMA","f44df0e3","2016-04-12 04:51:50","2016-04-24 23:47:55"
"LEemVewWMPAqsm3Vo3Am1z","8XrhyQdbEeeqzRJFs29uDA","46a6ab70","2016-04-04 11:42:27","2016-06-20 09:44:02"
"LEemVewWMPAqsm3Vo3Am1z","4JKDYbTZEea1EAp2thKtSg","4ebb8ca8","2016-01-12 13:20:35","2017-09-30 03:11:12"
"LEemVewWMPAqsm3Vo3Am1z","ti1s87PeEeW2NBLvq9LZHQ","2f433706","2016-06-06 04:20:43",NA
"LEemVewWMPAqsm3Vo3Am1z","LECGkP9UEeWW0grgb0UTkQ","9797311c","2016-10-02 10:23:16",NA
"LEemVewWMPAqsm3Vo3Am1z","KL00fUFWEeaS0w6RXgoWAw","f4ce57c7","2016-06-10 19:07:12",NA
"LEemVewWMPAqsm3Vo3Am1z","ggZlytBaEea1wwoBET7GFA","4daae3f6","2016-12-18 22:55:45",NA
"LEemVewWMPAqsm3Vo3Am1z","owBJpXrfEeewcQoUHVZbcg","d77ad932","2016-11-09 10:53:02",NA
"LEemVewWMPAqsm3Vo3Am1z","GqOCa33YEeaMlg79Dbn3AQ","4c8f83b1","2017-01-28 00:21:40",NA
"LEemVewWMPAqsm3Vo3Am1z","0-AYv_RTEeWB9gr2ttYzXQ","286e71b9","2016-01-04 21:49:53",NA
"LEemVewWMPAqsm3Vo3Am1z","xDAc96qiEeaL6BLnyGnxtA","2fa6fa17","2016-10-03 10:12:03",NA
"LEemVewWMPAqsm3Vo3Am1z","J0aQWrMcEeWMNQ43fvJXFw","1a751d71","2016-01-21 15:33:05","2016-07-24 14:23:49"
"LEemVewWMPAqsm3Vo3Am1z","xwd7IXLXEeaFMgoDse8ePQ","855bd223","2017-08-11 16:00:27","2016-04-12 00:24:10"
"LEemVewWMPAqsm3Vo3Am1z","He3UIr_aEeaT3ArPm3YMvA","d2d53f8a","2016-09-09 22:24:57",NA
"LEemVewWMPAqsm3Vo3Am1z","SHMXwgzcEeeI3ApPF_MNag","b79a69be","2016-01-05 09:12:58",NA
"LEemVewWMPAqsm3Vo3Am1z","WdB0QwTUEeae0QpYWFNxmQ","2f5f9511","2016-03-16 17:26:01",NA
"LEemVewWMPAqsm3Vo3Am1z","ThgOdhJcEee-zxLiP2lECg","18c0df70","2016-06-17 23:53:26",NA
"LEemVewWMPAqsm3Vo3Am1z","g8LRSUxWEead_RIU7Fr4aw","1cf0ba94","2017-05-31 11:48:16","2017-04-05 05:41:45"
"LEemVewWMPAqsm3Vo3Am1z","rZqfbu7TEeWPKQpBKpg03Q","4ab97d0d","2017-04-04 08:41:35",NA
"LEemVewWMPAqsm3Vo3Am1z","0-AYv_RTEeWB9gr2ttYzXQ","2ce7a779","2016-11-30 21:52:59",NA
"LEemVewWMPAqsm3Vo3Am1z","67T3m7pZEealvA6gwFIz4g","ac88719f","2017-08-27 09:53:43",NA
"LEemVewWMPAqsm3Vo3Am1z","NVSVP7McEeWhLRIkesxXNw","b2c12475","2016-07-12 03:06:07",NA
"LEemVewWMPAqsm3Vo3Am1z","cG5-pyXVEeaBWRI_KGGi0Q","1f66973a","2017-05-25 14:48:51",NA
"LEemVewWMPAqsm3Vo3Am1z","yk4wKttaEeazQRIGT3SGGA","73f2692d","2016-08-22 21:31:55",NA
"LEemVewWMPAqsm3Vo3Am1z","-bu06yhcEeezyRLjKgAj0A","bb42e9ef","2016-08-07 18:54:32",NA
"LEemVewWMPAqsm3Vo3Am1z","IwQ8J95TEeWdPBL2iFTrAw","6f483ece","2016-06-04 00:14:29",NA
"LEemVewWMPAqsm3Vo3Am1z","NVSVP7McEeWhLRIkesxXNw","3f465abd","2016-02-21 19:18:46",NA
"LEemVewWMPAqsm3Vo3Am1z","J0aQWrMcEeWMNQ43fvJXFw","72b2cee9","2016-09-13 03:13:30","2016-04-25 03:04:24"
"LEemVewWMPAqsm3Vo3Am1z","WdB0QwTUEeae0QpYWFNxmQ","83274cc0","2016-03-10 05:31:11","2016-05-29 06:54:12"
"LEemVewWMPAqsm3Vo3Am1z","J0aQWrMcEeWMNQ43fvJXFw","83681303","2017-08-11 12:10:33",NA
"LEemVewWMPAqsm3Vo3Am1z","4JKDYbTZEea1EAp2thKtSg","e9340818","2016-02-11 00:13:57","2017-02-15 11:29:43"
"LEemVewWMPAqsm3Vo3Am1z","AuZ6cfnUEeWnyw45DXyCTw","3c7102d0","2016-04-24 23:21:19",NA
"LEemVewWMPAqsm3Vo3Am1z","GqOCa33YEeaMlg79Dbn3AQ","ebe14d1f","2016-01-10 12:09:25","2016-07-31 16:42:33"
"LEemVewWMPAqsm3Vo3Am1z","J0aQWrMcEeWMNQ43fvJXFw","2a1260f","2016-03-21 02:54:01","2016-06-20 23:09:10"
"LEemVewWMPAqsm3Vo3Am1z","ytfGc8eDEeWx-RJXp8WlWQ","3382e361","2016-06-21 12:46:33","2016-11-20 03:11:18"
"LEemVewWMPAqsm3Vo3Am1z","-a95O4tfEeeTTA4cizv2Pg","115d71c7","2016-05-03 18:11:50",NA
"LEemVewWMPAqsm3Vo3Am1z","V5yKli9DEeah7Ap12GQcTQ","7ba8e5c4","2016-06-01 09:57:36",NA
"LEemVewWMPAqsm3Vo3Am1z","WdB0QwTUEeae0QpYWFNxmQ","2f021a75","2017-01-03 10:57:37",NA
"LEemVewWMPAqsm3Vo3Am1z","J0aQWrMcEeWMNQ43fvJXFw","c29a1b8a","2017-09-18 05:22:05",NA
"LEemVewWMPAqsm3Vo3Am1z","R4daOcVaEeaYHgpNzSKpMA","1d835bf4","2016-05-28 06:49:48",NA
"LEemVewWMPAqsm3Vo3Am1z","ytfGc8eDEeWx-RJXp8WlWQ","d5be2fb3","2016-04-11 00:57:09",NA
"LEemVewWMPAqsm3Vo3Am1z","He3UIr_aEeaT3ArPm3YMvA","2ff73815","2017-06-03 14:41:42",NA
"LEemVewWMPAqsm3Vo3Am1z","nNa1WitVEea0DRLrrvCCTQ","e7fb4fa2","2017-06-27 15:24:55",NA
"LEemVewWMPAqsm3Vo3Am1z","rZqfbu7TEeWPKQpBKpg03Q","a1f0dc2b","2016-07-30 08:27:31",NA
"LEemVewWMPAqsm3Vo3Am1z","acLFDs0JEeW-EQ6jzRFIow","4a6d5bf8","2016-09-27 13:46:20",NA
"LEemVewWMPAqsm3Vo3Am1z","3f1NVRVUEeavcw5bns7DCQ","42e90a6d","2016-06-22 11:32:29",NA
"LEemVewWMPAqsm3Vo3Am1z","Esmiw07eEeeleRKBAdHXHg","871c936","2016-02-03 16:06:49","2016-01-19 12:39:05"
"LEemVewWMPAqsm3Vo3Am1z","jvwkZ21XEeazvAp3i1JRww","f44df0e3","2016-07-25 01:22:19",NA
"LEemVewWMPAqsm3Vo3Am1z","J0aQWrMcEeWMNQ43fvJXFw","d3a25d27","2017-02-06 04:56:07",NA
"LEemVewWMPAqsm3Vo3Am1z","acLFDs0JEeW-EQ6jzRFIow","a4cb6609","2016-05-19 07:52:51","2016-05-11 16:07:58"
"LEemVewWMPAqsm3Vo3Am1z","m6rFCj5dEeeRfQo954YHfA","11832aa9","2017-05-22 16:49:39","2016-11-27 10:55:08"
"LEemVewWMPAqsm3Vo3Am1z","3f1NVRVUEeavcw5bns7DCQ","7b7a6685","2016-05-09 05:15:04",NA
"LEemVewWMPAqsm3Vo3Am1z","-a95O4tfEeeTTA4cizv2Pg","34a92ef3","2017-03-21 16:40:57",NA
"LEemVewWMPAqsm3Vo3Am1z","BITQH9jTEeWlkRK6P5OGjQ","27b404ee","2016-06-21 02:01:30",NA
"LEemVewWMPAqsm3Vo3Am1z","oX5fp8bXEeWs-BKzmUStyw","20ea3758","2016-08-30 15:50:12",NA
"LEemVewWMPAqsm3Vo3Am1z","7N7vtnhXEeaAMhJFLX_1yQ","f4b7a517","2016-12-19 02:16:56",NA
"LEemVewWMPAqsm3Vo3Am1z","NVSVP7McEeWhLRIkesxXNw","761d8e3e","2016-03-13 20:27:19",NA
"LEemVewWMPAqsm3Vo3Am1z","0-AYv_RTEeWB9gr2ttYzXQ","cd264b85","2017-02-11 19:14:36","2016-07-31 14:22:36"
"LEemVewWMPAqsm3Vo3Am1z","V_7JqUbWEeajOxLxiFQ2FQ","ee6a535e","2016-06-07 07:20:10","2017-02-19 15:30:38"
"LEemVewWMPAqsm3Vo3Am1z","0-AYv_RTEeWB9gr2ttYzXQ","28f8c335","2016-09-21 19:07:02","2017-02-12 21:57:06"
"LEemVewWMPAqsm3Vo3Am1z","NVSVP7McEeWhLRIkesxXNw","4d702054","2017-01-23 23:54:01",NA
"LEemVewWMPAqsm3Vo3Am1z","NNMbmm_fEeez2RJWre3Wzg","d90b9455","2016-05-13 18:04:11",NA
"LEemVewWMPAqsm3Vo3Am1z","lKBnHKUiEeaprQ4LnRHZcg","48b42c47","2016-04-25 18:25:44","2016-11-12 18:13:59"
"LEemVewWMPAqsm3Vo3Am1z","NVSVP7McEeWhLRIkesxXNw","8c2ee678","2016-02-02 09:54:45",NA
"LEemVewWMPAqsm3Vo3Am1z","ngyhO_xbEea3RQ4e3JyLNA","fc7c763c","2017-03-20 12:38:28","2016-06-16 21:07:03"
"LEemVewWMPAqsm3Vo3Am1z","oGkj4Y5YEeau6AqOJYpH0w","135b3700","2016-10-12 18:59:27",NA
"LEemVewWMPAqsm3Vo3Am1z","oX5fp8bXEeWs-BKzmUStyw","f8e08b20","2016-10-12 07:39:32",NA
"LEemVewWMPAqsm3Vo3Am1z","UBhQB4NYEeaR8hKbrn-CTQ","4cd7e9ed","2016-02-25 00:29:59","2016-09-16 13:24:21"
"LEemVewWMPAqsm3Vo3Am1z","J0aQWrMcEeWMNQ43fvJXFw","397dbe3f","2017-07-20 21:30:18","2016-04-04 22:32:13"
"LEemVewWMPAqsm3Vo3Am1z","i7Aicl9eEeeqKgpTZZjjFg","6c4fc9d3","2016-04-08 07:41:29",NA
"LEemVewWMPAqsm3Vo3Am1z","lKBnHKUiEeaprQ4LnRHZcg","e7019fff","2016-01-04 21:50:32","2017-05-29 02:35:53"
"LEemVewWMPAqsm3Vo3Am1z","092hnldWEeaWYQrYt-DiIQ","3e4e2e7c","2016-06-03 15:46:24",NA
"LEemVewWMPAqsm3Vo3Am1z","Esmiw07eEeeleRKBAdHXHg","dce087ad","2016-11-14 09:49:07",NA
"LEemVewWMPAqsm3Vo3Am1z","sTqLRh1cEeeq4gqhD-WaKA","de215382","2017-02-03 23:51:27","2017-07-02 08:26:16"
"LEemVewWMPAqsm3Vo3Am1z","oX5fp8bXEeWs-BKzmUStyw","73e79e4e","2016-07-23 12:02:24",NA
"LEemVewWMPAqsm3Vo3Am1z","He3UIr_aEeaT3ArPm3YMvA","52297959","2017-05-31 14:37:21",NA
"LEemVewWMPAqsm3Vo3Am1z","ngyhO_xbEea3RQ4e3JyLNA","8bbd46d6","2017-07-24 22:10:31",NA
"LEemVewWMPAqsm3Vo3Am1z","67T3m7pZEealvA6gwFIz4g","9afb7375","2017-02-07 19:08:30","2016-10-11 10:43:33"
"LEemVewWMPAqsm3Vo3Am1z","J0aQWrMcEeWMNQ43fvJXFw","a53d058b","2017-03-16 01:30:53",NA
"LEemVewWMPAqsm3Vo3Am1z","V_7JqUbWEeajOxLxiFQ2FQ","3ad739b6","2016-02-29 14:00:22",NA
"LEemVewWMPAqsm3Vo3Am1z","KL00fUFWEeaS0w6RXgoWAw","2b9f6ae1","2016-02-10 23:42:47",NA
"LEemVewWMPAqsm3Vo3Am1z","xDAc96qiEeaL6BLnyGnxtA","2a40152b","2016-01-06 08:57:11",NA
"LEemVewWMPAqsm3Vo3Am1z","2QSQwQHbEeec9hKaXoylVA","b7f167ce","2016-01-20 09:13:29","2016-05-08 13:56:03"
"LEemVewWMPAqsm3Vo3Am1z","L-AU5GJXEeaGXQq5jeF-9Q","891dda1f","2017-08-06 20:27:25",NA
"LEemVewWMPAqsm3Vo3Am1z","acLFDs0JEeW-EQ6jzRFIow","c0a79f7e","2016-11-09 02:06:33",NA
"LEemVewWMPAqsm3Vo3Am1z","UBhQB4NYEeaR8hKbrn-CTQ","814a61e8","2016-08-03 05:14:06","2016-08-01 02:45:03"
"LEemVewWMPAqsm3Vo3Am1z","IwQ8J95TEeWdPBL2iFTrAw","eb43eba6","2016-04-15 21:13:45",NA
"LEemVewWMPAqsm3Vo3Am1z","owSz19XaEeacPwoa-b1QWA","e7803678","2017-06-06 14:38:27",NA
"LEemVewWMPAqsm3Vo3Am1z","ti1s87PeEeW2NBLvq9LZHQ","497b2dba","2016-04-25 07:00:56",NA
"LEemVewWMPAqsm3Vo3Am1z","LECGkP9UEeWW0grgb0UTkQ","adfc0db6","2016-05-10 05:37:54",NA
"LEemVewWMPAqsm3Vo3Am1z","3f1NVRVUEeavcw5bns7DCQ","4ce31899","2016-07-18 17:22:43",NA
"LEemVewWMPAqsm3Vo3Am1z","zrJ2TJPYEeaHRwr5_eYMew","8fe039c","2016-05-31 19:15:10","2017-05-04 06:14:02"
"LEemVewWMPAqsm3Vo3Am1z","ti1s87PeEeW2NBLvq9LZHQ","b03eee3d","2016-07-05 03:03:50",NA
"LEemVewWMPAqsm3Vo3Am1z","rZqfbu7TEeWPKQpBKpg03Q","c92e71bf","2017-06-19 19:32:45",NA
"LEemVewWMPAqsm3Vo3Am1z","092hnldWEeaWYQrYt-DiIQ","f2510e74","2016-09-13 13:17:22",NA
"LEemVewWMPAqsm3Vo3Am1z","TACEbiBVEeaG3QqLdYDICw","51c0cb4a","2016-08-07 06:28:32",NA
"LEemVewWMPAqsm3Vo3Am1z","BB5XFFzXEeaGww64aQCy4Q","919cd949","2016-06-21 08:22:18","2016-07-27 00:31:36"
"LEemVewWMPAqsm3Vo3Am1z","G4Cu-i3dEee7-ArL2SqqXA","7a86695a","2016-08-01 08:38:14",NA
"LEemVewWMPAqsm3Vo3Am1z","m6rFCj5dEeeRfQo954YHfA","edd7076","2016-05-25 07:08:24","2016-05-23 20:49:37"
"LEemVewWMPAqsm3Vo3Am1z","BB5XFFzXEeaGww64aQCy4Q","d9210cd7","2017-01-22 10:57:09",NA
"LEemVewWMPAqsm3Vo3Am1z","J0aQWrMcEeWMNQ43fvJXFw","31cd453d","2017-09-07 15:22:04","2016-04-20 06:39:55"
"LEemVewWMPAqsm3Vo3Am1z","J0aQWrMcEeWMNQ43fvJXFw","cdbf2d54","2016-03-31 03:56:08",NA
"LEemVewWMPAqsm3Vo3Am1z","uZnA4YmhEea3TAq7IWfZSQ","b780e176","2017-08-04 18:10:42","2016-11-26 10:45:54"
"LEemVewWMPAqsm3Vo3Am1z","owBJpXrfEeewcQoUHVZbcg","5dfa8024","2016-11-07 07:50:01","2016-05-17 01:14:12"
"LEemVewWMPAqsm3Vo3Am1z","Cy9NLxfdEeeskRI8P5CzrA","da8d6307","2016-05-10 15:37:29",NA
"LEemVewWMPAqsm3Vo3Am1z","jvwkZ21XEeazvAp3i1JRww","fd5f3d11","2016-12-29 03:15:55",NA
"LEemVewWMPAqsm3Vo3Am1z","GqOCa33YEeaMlg79Dbn3AQ","b20d3a9c","2017-08-18 15:43:10",NA
"LEemVewWMPAqsm3Vo3Am1z","yBVbtdNSEeWrJhKRHKXGQw","1026d1e","2016-10-31 16:43:14",NA
"LEemVewWMPAqsm3Vo3Am1z","ti1s87PeEeW2NBLvq9LZHQ","3d85060f","2017-08-20 23:03:48","2017-05-15 17:52:01"
"LEemVewWMPAqsm3Vo3Am1z","sTqLRh1cEeeq4gqhD-WaKA","59d8239e","2016-07-31 05:07:44",NA
"LEemVewWMPAqsm3Vo3Am1z","oX5fp8bXEeWs-BKzmUStyw","9e9e4364","2017-04-03 08:33:21",NA
"LEemVewWMPAqsm3Vo3Am1z","acLFDs0JEeW-EQ6jzRFIow","d0e8e51c","2016-03-14 19:28:24",NA
"LEemVewWMPAqsm3Vo3Am1z","oX5fp8bXEeWs-BKzmUStyw","459a6a70","2016-02-22 16:47:04",NA
"LEemVewWMPAqsm3Vo3Am1z","oX5fp8bXEeWs-BKzmUStyw","a529fe3","2016-01-11 11:33:39",NA
"LEemVewWMPAqsm3Vo3Am1z","i7Aicl9eEeeqKgpTZZjjFg","ecb61ee5","2016-02-10 23:55:22",NA
"LEemVewWMPAqsm3Vo3Am1z","oX5fp8bXEeWs-BKzmUStyw","92127675","2016-08-01 22:17:31",NA
"LEemVewWMPAqsm3Vo3Am1z","ti1s87PeEeW2NBLvq9LZHQ","8ff6949","2016-04-14 17:36:08",NA
"LEemVewWMPAqsm3Vo3Am1z","g8LRSUxWEead_RIU7Fr4aw","925db299","2016-01-27 13:04:49",NA
"LEemVewWMPAqsm3Vo3Am1z","ThgOdhJcEee-zxLiP2lECg","664aa3a9","2016-04-15 04:05:57","2016-08-02 09:17:57"
"LEemVewWMPAqsm3Vo3Am1z","yk4wKttaEeazQRIGT3SGGA","6b07f0d6","2016-02-10 22:56:46",NA
"LEemVewWMPAqsm3Vo3Am1z","ytkm3ceDEeWwyg7SJZ3bgQ","282b4564","2016-07-23 15:13:17","2017-09-22 03:16:28"
"LEemVewWMPAqsm3Vo3Am1z","V5yKli9DEeah7Ap12GQcTQ","7cc3e905","2017-02-11 09:33:23","2016-06-28 19:22:53"
"LEemVewWMPAqsm3Vo3Am1z","eVMueulTEeWlJhJpbKSYeQ","fbc3154d","2017-01-21 13:36:02","2017-05-10 02:47:32"
"LEemVewWMPAqsm3Vo3Am1z","_gYNQZlYEeaoXBIFunkgUg","22fb4c51","2017-07-11 19:20:17",NA
"LEemVewWMPAqsm3Vo3Am1z","9YR8j2peEeeL9AqeWyzK2g","a1efba45","2016-05-26 14:31:55",NA
"LEemVewWMPAqsm3Vo3Am1z","-bu06yhcEeezyRLjKgAj0A","a83d4252","2016-09-24 20:59:55",NA
"LEemVewWMPAqsm3Vo3Am1z","owBJpXrfEeewcQoUHVZbcg","59891a98","2016-07-19 09:46:45",NA
"LEemVewWMPAqsm3Vo3Am1z","r9xqPw_UEea44Qp49aJR6w","f6de94c3","2017-01-17 14:59:40",NA
"LEemVewWMPAqsm3Vo3Am1z","3f1NVRVUEeavcw5bns7DCQ","61cd7778","2016-07-03 11:58:27",NA
"LEemVewWMPAqsm3Vo3Am1z","J0aQWrMcEeWMNQ43fvJXFw","3ffe6929","2016-01-26 14:09:36","2016-08-29 14:32:08"
"LEemVewWMPAqsm3Vo3Am1z","GqOCa33YEeaMlg79Dbn3AQ","4cc0c6de","2016-07-24 01:38:36",NA
"LEemVewWMPAqsm3Vo3Am1z","NVSVP7McEeWhLRIkesxXNw","d878924e","2016-08-02 04:30:10",NA
"LEemVewWMPAqsm3Vo3Am1z","J0aQWrMcEeWMNQ43fvJXFw","21deb4e1","2016-03-08 05:55:04","2016-09-01 00:01:24"
"LEemVewWMPAqsm3Vo3Am1z","r9xqPw_UEea44Qp49aJR6w","33b36fca","2016-04-12 05:57:54",NA
"LEemVewWMPAqsm3Vo3Am1z","eVMueulTEeWlJhJpbKSYeQ","ba2084ea","2016-02-25 21:43:57",NA
"LEemVewWMPAqsm3Vo3Am1z","rZqfbu7TEeWPKQpBKpg03Q","597921dc","2017-04-26 15:35:58",NA
"LEemVewWMPAqsm3Vo3Am1z","BITQH9jTEeWlkRK6P5OGjQ","f33bb390","2016-08-25 23:26:22","2017-07-04 07:11:35"
"LEemVewWMPAqsm3Vo3Am1z","J0aQWrMcEeWMNQ43fvJXFw","f7d131e4","2017-03-27 20:52:42",NA
"LEemVewWMPAqsm3Vo3Am1z","0-AYv_RTEeWB9gr2ttYzXQ","daf0ed15","2017-09-06 04:37:59","2016-02-04 15:29:26"
"LEemVewWMPAqsm3Vo3Am1z","PaOqsevbEea5qQpsMyj5hA","aace23dc","2016-01-25 14:13:52",NA
"LEemVewWMPAqsm3Vo3Am1z","3f1NVRVUEeavcw5bns7DCQ","9cfa7999","2016-01-04 21:48:12",NA
"LEemVewWMPAqsm3Vo3Am1z","o1D8asbXEeWQeBKXzVfQFQ","c045fafa","2017-05-04 18:27:12",NA
"LEemVewWMPAqsm3Vo3Am1z","yk4wKttaEeazQRIGT3SGGA","dea6c544","2017-08-19 15:48:41","2016-08-28 21:28:01"
"LEemVewWMPAqsm3Vo3Am1z","J0aQWrMcEeWMNQ43fvJXFw","68c914dc","2016-05-02 12:33:09",NA
"LEemVewWMPAqsm3Vo3Am1z","DxwuuRrVEeaG9hJ5J1R7HQ","72d86dd8","2016-03-22 05:03:53",NA
"LEemVewWMPAqsm3Vo3Am1z","J0aQWrMcEeWMNQ43fvJXFw","64db3e50","2016-12-22 02:57:14",NA
"LEemVewWMPAqsm3Vo3Am1z","acLFDs0JEeW-EQ6jzRFIow","b926141e","2016-12-28 15:19:19","2016-05-16 06:14:36"
"LEemVewWMPAqsm3Vo3Am1z","NVSVP7McEeWhLRIkesxXNw","ee880e4f","2016-05-15 21:08:05",NA
"LEemVewWMPAqsm3Vo3Am1z","ti1s87PeEeW2NBLvq9LZHQ","9c9f1f7e","2016-01-11 07:18:19",NA
"LEemVewWMPAqsm3Vo3Am1z","a_hBLGfXEeao3RIiUksYQw","9344a1b0","2016-01-08 16:51:28","2017-07-31 19:14:57"
"LEemVewWMPAqsm3Vo3Am1z","092hnldWEeaWYQrYt-DiIQ","66ac35e5","2017-06-08 21:17:56",NA
"LEemVewWMPAqsm3Vo3Am1z","R4daOcVaEeaYHgpNzSKpMA","f6fcc6a2","2016-06-02 15:11:14","2017-09-07 20:57:47"
"LEemVewWMPAqsm3Vo3Am1z","2QSQwQHbEeec9hKaXoylVA","b571cb19","2016-09-06 13:51:32",NA
"LEemVewWMPAqsm3Vo3Am1z","4JKDYbTZEea1EAp2thKtSg","2d37e9c1","2016-01-16 18:31:01",NA
"LEemVewWMPAqsm3Vo3Am1z","sTqLRh1cEeeq4gqhD-WaKA","b76653cb","2016-02-20 13:37:50",NA
"LEemVewWMPAqsm3Vo3Am1z","J0aQWrMcEeWMNQ43fvJXFw","b6cf70a6","2016-09-17 01:17:05",NA
"LEemVewWMPAqsm3Vo3Am1z","yBVbtdNSEeWrJhKRHKXGQw","66603d3a","2017-01-30 09:27:12",NA
"LEemVewWMPAqsm3Vo3Am1z","SHdiB_FbEeaC1g4BewAvhA","6e96e846","2016-07-18 23:00:26","2016-08-28 04:50:07"
"LEemVewWMPAqsm3Vo3Am1z","4JKDYbTZEea1EAp2thKtSg","2383d21f","2017-05-10 18:59:56","2017-08-20 00:32:39"
"LEemVewWMPAqsm3Vo3Am1z","xDAc96qiEeaL6BLnyGnxtA","eb39e29a","2016-06-24 04:31:28","2016-04-24 15:55:31"
"LEemVewWMPAqsm3Vo3Am1z","jach2gpUEeaWWg6E9amO-Q","ad7e2a13","2017-10-03 02:20:52",NA
"LEemVewWMPAqsm3Vo3Am1z","IwQ8J95TEeWdPBL2iFTrAw","806f23fd","2016-01-15 15:09:11",NA
"LEemVewWMPAqsm3Vo3Am1z","i7Aicl9eEeeqKgpTZZjjFg","435805f6","2016-03-11 21:24:51",NA
"LEemVewWMPAqsm3Vo3Am1z","DxwuuRrVEeaG9hJ5J1R7HQ","c08ccb8e","2017-03-25 04:19:19",NA
"LEemVewWMPAqsm3Vo3Am1z","acLFDs0JEeW-EQ6jzRFIow","955f8ee4","2016-02-22 17:11:33",NA
"LEemVewWMPAqsm3Vo3Am1z","TACEbiBVEeaG3QqLdYDICw","c28e9294","2016-07-24 17:34:08",NA
"LEemVewWMPAqsm3Vo3Am1z","BB5XFFzXEeaGww64aQCy4Q","1d5d209f","2016-06-09 20:08:01",NA
"LEemVewWMPAqsm3Vo3Am1z","cdPYHVneEee3RwoqcUym2A","b68243fd","2016-07-27 17:45:34",NA
"LEemVewWMPAqsm3Vo3Am1z","ytgUsseDEeWs-BKzmUStyw","86459582","2017-01-16 12:09:27",NA
"LEemVewWMPAqsm3Vo3Am1z","4JKDYbTZEea1EAp2thKtSg","98e4992f","2016-09-05 13:25:53",NA
"LEemVewWMPAqsm3Vo3Am1z","J0aQWrMcEeWMNQ43fvJXFw","70602476","2016-01-25 12:13:02","2016-06-08 15:11:23"
"LEemVewWMPAqsm3Vo3Am1z","SHMXwgzcEeeI3ApPF_MNag","39c62e1b","2017-01-31 01:50:23",NA
"LEemVewWMPAqsm3Vo3Am1z","uwmsLmTeEeeA2A7nkPb23A","f2efcd6c","2017-01-21 15:53:24",NA
"LEemVewWMPAqsm3Vo3Am1z","ytfGc8eDEeWx-RJXp8WlWQ","3cca70aa","2016-03-20 20:15:52","2017-07-04 05:44:57"
"LEemVewWMPAqsm3Vo3Am1z","eVMueulTEeWlJhJpbKSYeQ","76c97999","2017-09-12 14:10:33",NA
"LEemVewWMPAqsm3Vo3Am1z","ujag3YBfEeevZApsRonn6A","804d2914","2016-12-12 19:27:00",NA
"LEemVewWMPAqsm3Vo3Am1z","3f1NVRVUEeavcw5bns7DCQ","6527c0d3","2016-07-25 16:59:20",NA
"LEemVewWMPAqsm3Vo3Am1z","o1D8asbXEeWQeBKXzVfQFQ","7ef0b78f","2016-04-04 01:05:51","2016-11-20 14:14:58"
"LEemVewWMPAqsm3Vo3Am1z","oX5fp8bXEeWs-BKzmUStyw","a652f4c6","2017-06-29 17:45:12",NA
"LEemVewWMPAqsm3Vo3Am1z","NVSVP7McEeWhLRIkesxXNw","4dd566be","2016-05-02 02:04:44",NA
"LEemVewWMPAqsm3Vo3Am1z","BB5XFFzXEeaGww64aQCy4Q","408d445b","2017-05-18 18:38:47",NA
"LEemVewWMPAqsm3Vo3Am1z","NVSVP7McEeWhLRIkesxXNw","bc8b676e","2016-01-04 21:48:45",NA
"LEemVewWMPAqsm3Vo3Am1z","oGkj4Y5YEeau6AqOJYpH0w","8c330503","2016-04-30 10:18:32",NA
"LEemVewWMPAqsm3Vo3Am1z","uwmsLmTeEeeA2A7nkPb23A","bbd738ef","2017-07-04 15:46:41","2016-05-05 08:55:39"
"LEemVewWMPAqsm3Vo3Am1z","7N7vtnhXEeaAMhJFLX_1yQ","3cab9d47","2016-02-25 13:06:32",NA
"LEemVewWMPAqsm3Vo3Am1z","4JKDYbTZEea1EAp2thKtSg","403df685","2016-08-19 03:46:01","2016-05-04 07:34:43"
"LEemVewWMPAqsm3Vo3Am1z","ytkm3ceDEeWwyg7SJZ3bgQ","c4ea21ce","2016-11-10 06:36:37",NA
"LEemVewWMPAqsm3Vo3Am1z","4JKDYbTZEea1EAp2thKtSg","dd3a17b8","2016-11-16 17:12:09","2016-06-16 03:24:18"
"LEemVewWMPAqsm3Vo3Am1z","J0aQWrMcEeWMNQ43fvJXFw","d65820d","2016-02-10 23:32:55",NA
"LEemVewWMPAqsm3Vo3Am1z","T202pOPTEeWkNw7bGPYHLw","3794fcff","2016-01-17 21:14:38","2017-05-19 19:58:41"
"LEemVewWMPAqsm3Vo3Am1z","V_7JqUbWEeajOxLxiFQ2FQ","1900d8c4","2017-09-11 12:02:12",NA
"LEemVewWMPAqsm3Vo3Am1z","IwQ8J95TEeWdPBL2iFTrAw","f9dff350","2017-06-07 16:14:30",NA
"LEemVewWMPAqsm3Vo3Am1z","eVMueulTEeWlJhJpbKSYeQ","85bea1c3","2016-06-25 00:59:14",NA
"LEemVewWMPAqsm3Vo3Am1z","Cy9NLxfdEeeskRI8P5CzrA","5ff24ad1","2017-01-20 01:50:38",NA
"LEemVewWMPAqsm3Vo3Am1z","T202pOPTEeWkNw7bGPYHLw","e838f1ff","2017-08-19 12:04:34",NA
"LEemVewWMPAqsm3Vo3Am1z","oGkj4Y5YEeau6AqOJYpH0w","cd3e389b","2016-01-04 21:49:48",NA
"LEemVewWMPAqsm3Vo3Am1z","L0alYOZbEeaOJwr5wT2zdA","40b84eb8","2016-08-24 05:57:51",NA
"LEemVewWMPAqsm3Vo3Am1z","yBVbtdNSEeWrJhKRHKXGQw","6284235d","2016-01-31 13:01:16","2017-06-08 04:11:25"
"LEemVewWMPAqsm3Vo3Am1z","oX5fp8bXEeWs-BKzmUStyw","4f9f633a","2016-08-16 14:17:28","2016-01-05 00:26:50"
"LEemVewWMPAqsm3Vo3Am1z","PaOqsevbEea5qQpsMyj5hA","4ba8b171","2016-04-10 17:12:13","2017-08-15 01:05:51"
"LEemVewWMPAqsm3Vo3Am1z","qcOkNK9ZEeasQQ4QloxU4g","5da45f0e","2016-07-15 17:20:07",NA
"LEemVewWMPAqsm3Vo3Am1z","vKA6ikPdEee28BJbhmSN2A","9c7630f5","2016-05-14 14:55:03",NA
"LEemVewWMPAqsm3Vo3Am1z","9AJYlEldEeeUSBKKbGt2Tg","a9da00b5","2017-09-20 13:30:45",NA
"LEemVewWMPAqsm3Vo3Am1z","V_7JqUbWEeajOxLxiFQ2FQ","607d3523","2016-02-11 00:21:36",NA
"LEemVewWMPAqsm3Vo3Am1z","ytgUsseDEeWs-BKzmUStyw","9f4c22af","2017-06-11 20:33:37",NA
"LEemVewWMPAqsm3Vo3Am1z","UBhQB4NYEeaR8hKbrn-CTQ","bad64185","2017-01-05 17:59:18",NA
"LEemVewWMPAqsm3Vo3Am1z","8XrhyQdbEeeqzRJFs29uDA","51304117","2016-04-01 15:04:32","2017-05-25 02:45:23"
"LEemVewWMPAqsm3Vo3Am1z","oGkj4Y5YEeau6AqOJYpH0w","94762f95","2016-12-07 05:33:55","2017-10-04 11:17:31"
"LEemVewWMPAqsm3Vo3Am1z","TACEbiBVEeaG3QqLdYDICw","7f4ecd70","2016-03-09 13:03:05",NA
"LEemVewWMPAqsm3Vo3Am1z","J0aQWrMcEeWMNQ43fvJXFw","d98408","2016-02-26 05:38:49",NA
"LEemVewWMPAqsm3Vo3Am1z","V_7JqUbWEeajOxLxiFQ2FQ","4fbce998","2016-01-04 21:49:43","2016-01-05 01:25:06"
"LEemVewWMPAqsm3Vo3Am1z","ujag3YBfEeevZApsRonn6A","236bbd7a","2016-01-13 13:02:43","2016-05-18 08:06:59"
"LEemVewWMPAqsm3Vo3Am1z","3f1NVRVUEeavcw5bns7DCQ","67fa1a0","2016-03-09 00:38:24","2017-06-24 17:40:17"
"LEemVewWMPAqsm3Vo3Am1z","ytgUsseDEeWs-BKzmUStyw","b5b9ee52","2016-01-04 21:48:12",NA
"LEemVewWMPAqsm3Vo3Am1z","a_hBLGfXEeao3RIiUksYQw","d4ce8e4d","2016-03-19 18:50:39",NA
"LEemVewWMPAqsm3Vo3Am1z","1Uhc44XfEee3oBJxXb3ZyA","742430ef","2017-06-24 05:07:59","2017-09-30 06:31:59"
"LEemVewWMPAqsm3Vo3Am1z","2QSQwQHbEeec9hKaXoylVA","ef1753b8","2016-06-09 08:42:03",NA
"LEemVewWMPAqsm3Vo3Am1z","o1D8asbXEeWQeBKXzVfQFQ","7a9a0a0","2016-01-27 02:55:32",NA
"LEemVewWMPAqsm3Vo3Am1z","ytfGc8eDEeWx-RJXp8WlWQ","80693512","2016-04-27 01:02:54",NA
"LEemVewWMPAqsm3Vo3Am1z","UBhQB4NYEeaR8hKbrn-CTQ","22d87b8","2016-10-21 21:00:33","2016-09-17 18:13:45"
"LEemVewWMPAqsm3Vo3Am1z","r9xqPw_UEea44Qp49aJR6w","dabe429","2016-03-14 04:45:47","2017-01-09 11:40:27"
"LEemVewWMPAqsm3Vo3Am1z","NVSVP7McEeWhLRIkesxXNw","9df20bc","2016-09-12 23:06:14",NA
"LEemVewWMPAqsm3Vo3Am1z","-a95O4tfEeeTTA4cizv2Pg","e03c56e2","2017-06-09 10:41:56","2016-06-06 03:16:33"
"LEemVewWMPAqsm3Vo3Am1z","ytfGc8eDEeWx-RJXp8WlWQ","87d32796","2016-02-03 23:05:58","2017-09-04 09:53:11"
"LEemVewWMPAqsm3Vo3Am1z","J0aQWrMcEeWMNQ43fvJXFw","75eb97c8","2016-01-27 07:59:32",NA
"LEemVewWMPAqsm3Vo3Am1z","ytfGc8eDEeWx-RJXp8WlWQ","862f7a9a","2016-10-23 10:46:09",NA
"LEemVewWMPAqsm3Vo3Am1z","zrJ2TJPYEeaHRwr5_eYMew","75b15bc8","2016-02-07 05:26:37","2017-08-22 00:34:12"
"LEemVewWMPAqsm3Vo3Am1z","KL00fUFWEeaS0w6RXgoWAw","9eddbe08","2016-08-07 19:18:41",NA
"LEemVewWMPAqsm3Vo3Am1z","oX5fp8bXEeWs-BKzmUStyw","9acdd571","2016-07-18 14:58:33",NA
"LEemVewWMPAqsm3Vo3Am1z","m6rFCj5dEeeRfQo954YHfA","62de7fb9","2017-07-16 14:17:30","2016-03-24 21:50:39"
"LEemVewWMPAqsm3Vo3Am1z","NVSVP7McEeWhLRIkesxXNw","27699b32","2016-11-13 21:52:31",NA
"LEemVewWMPAqsm3Vo3Am1z","lKBnHKUiEeaprQ4LnRHZcg","5f1ec064","2016-05-20 10:26:15",NA
"LEemVewWMPAqsm3Vo3Am1z","xDAc96qiEeaL6BLnyGnxtA","ae788bd9","2016-03-07 18:37:50",NA
"LEemVewWMPAqsm3Vo3Am1z","owBJpXrfEeewcQoUHVZbcg","1e2fcc57","2017-08-31 03:33:26",NA
"LEemVewWMPAqsm3Vo3Am1z","ti1s87PeEeW2NBLvq9LZHQ","610e3e40","2016-02-11 00:21:02",NA
"LEemVewWMPAqsm3Vo3Am1z","ytgUsseDEeWs-BKzmUStyw","189838ed","2017-02-27 11:09:20",NA
"LEemVewWMPAqsm3Vo3Am1z","yBVbtdNSEeWrJhKRHKXGQw","bdc2829c","2016-02-08 01:13:41",NA
"LEemVewWMPAqsm3Vo3Am1z","uZnA4YmhEea3TAq7IWfZSQ","98fd69a6","2016-06-24 19:09:37",NA
"LEemVewWMPAqsm3Vo3Am1z","He3UIr_aEeaT3ArPm3YMvA","3cacf743","2016-04-30 07:29:25",NA
"LEemVewWMPAqsm3Vo3Am1z","ytfGc8eDEeWx-RJXp8WlWQ","5c107c6d","2016-05-23 00:47:12",NA
"LEemVewWMPAqsm3Vo3Am1z","i7Aicl9eEeeqKgpTZZjjFg","9a61a089","2016-01-04 21:48:48","2016-04-11 13:51:54"
"LEemVewWMPAqsm3Vo3Am1z","ti1s87PeEeW2NBLvq9LZHQ","7e4e0ca6","2017-04-21 19:56:15","2017-07-05 12:25:37"
"LEemVewWMPAqsm3Vo3Am1z","AuZ6cfnUEeWnyw45DXyCTw","516b03f0","2016-08-02 05:13:31",NA
"LEemVewWMPAqsm3Vo3Am1z","oX5fp8bXEeWs-BKzmUStyw","68d2b948","2016-01-04 21:48:46",NA
"LEemVewWMPAqsm3Vo3Am1z","9YR8j2peEeeL9AqeWyzK2g","8af99e3a","2017-08-09 05:17:59",NA
"LEemVewWMPAqsm3Vo3Am1z","Cy9NLxfdEeeskRI8P5CzrA","1ad53962","2017-01-20 14:08:07",NA
"LEemVewWMPAqsm3Vo3Am1z","NVSVP7McEeWhLRIkesxXNw","35b1017d","2016-04-26 04:57:41",NA
"LEemVewWMPAqsm3Vo3Am1z","ngyhO_xbEea3RQ4e3JyLNA","8cf9495d","2017-01-18 21:01:13","2017-10-03 03:28:54"
"LEemVewWMPAqsm3Vo3Am1z","TACEbiBVEeaG3QqLdYDICw","dfc44a04","2017-02-09 18:14:02","2016-06-19 21:58:19"
"LEemVewWMPAqsm3Vo3Am1z","1Uhc44XfEee3oBJxXb3ZyA","a976dcce","2016-06-16 10:14:27",NA
"LEemVewWMPAqsm3Vo3Am1z","J0aQWrMcEeWMNQ43fvJXFw","752bf78e","2017-03-24 08:00:13",NA
"LEemVewWMPAqsm3Vo3Am1z","WdB0QwTUEeae0QpYWFNxmQ","12674d81","2016-12-22 18:31:44","2016-06-12 01:05:51"
"LEemVewWMPAqsm3Vo3Am1z","67T3m7pZEealvA6gwFIz4g","d273430","2016-01-04 21:49:20","2017-08-17 15:49:26"
"LEemVewWMPAqsm3Vo3Am1z","TACEbiBVEeaG3QqLdYDICw","34b1a77b","2016-07-20 20:32:18",NA
"LEemVewWMPAqsm3Vo3Am1z","J0aQWrMcEeWMNQ43fvJXFw","9a3c99c3","2017-05-23 16:23:09",NA
"LEemVewWMPAqsm3Vo3Am1z","3f1NVRVUEeavcw5bns7DCQ","3ac401a0","2016-06-29 07:28:27","2016-05-24 02:15:05"
