"peer_assignment_id","peer_assignment_review_schema_part_id","peer_submission_id","peer_submission_part_score"
"S9qjoQ@8","666","1695bb69","1.0"
"S9qjoQ@8","6","c2d3bf25","1.0"
"S9qjoQ@8","111","c1b5610","1.0"
"S9qjoQ@8","OiYBP8szIN9z0FfVffV-Qs","dbeaeb02","1.0"
"Ha0UDw@3","666","b1f242b0","0.5"
"1uEo4w@4","444","b5f88327","1.0"
"1uEo4w@4","6","f0887901","1.0"
"S9qjoQ@8","8","11a9030a","1.0"
"Ha0UDw@3","8","8e9f5b6d","1.0"
"S9qjoQ@8","777","e0e8fe0e","0.5"
"Ha0UDw@3","777","97109b06","1.0"
"S9qjoQ@8","555","6f23facc","1.0"
"Ha0UDw@3","333","3999c08e","1.0"
"S9qjoQ@8","4","7184259d","1.0"
"Ha0UDw@3","4","a9336366","1.0"
"1uEo4w@4","555","cd20707d","1.0"
"S9qjoQ@8","4","a6f6140e","1.0"
"Ha0UDw@3","5","fa27062c","1.0"
"S9qjoQ@8","OiYBP8szIN9z0FfVffV-Qs","c605c2e6","1.0"
"Ha0UDw@3","333","b158850d","1.0"
"1uEo4w@4","333","183ae73","1.0"
"S9qjoQ@8","555","1965e50c","1.0"
"S9qjoQ@8","111","4374c42c","1.0"
"S9qjoQ@8","6","9728d596","1.0"
"Ha0UDw@3","111","64e33d91","1.0"
"1uEo4w@4","555","d61e201b","1.0"
"S9qjoQ@8","8","d67ffa16","1.0"
"S9qjoQ@8","666","ccce9a3","1.0"
"Ha0UDw@3","444","f1d300b5","1.0"
"S9qjoQ@8","7","505f9f8a","1.0"
"Ha0UDw@3","8","9a303a6a","1.0"
"Ha0UDw@3","666","1e07a0e4","1.0"
"Ha0UDw@3","3","28317843","0.0"
"S9qjoQ@8","6","f93f108a","1.0"
"P1p1aQ@3","K20zeiocLDtwL8nRc2Y5aN","2f848b07","1.0"
"S9qjoQ@8","333","873ecd7","1.0"
"S9qjoQ@8","222","b2d1d959","1.0"
"Ha0UDw@3","2","618850c2","1.0"
"S9qjoQ@8","2","310b726a","1.0"
"1uEo4w@4","222","ff92d0c3","0.0"
"Ha0UDw@3","3","967e4597","1.0"
"Ha0UDw@3","777","f8c6c0ae","1.0"
"S9qjoQ@8","6JIYOGvVU2lA16kFeSbivH","a3b00f53","1.0"
"Ha0UDw@3","444","cd585a6d","1.0"
"Ha0UDw@3","3","35e46cfc","0.5"
"Ha0UDw@3","555","636e1a6d","1.0"
"S9qjoQ@8","222","b5d35ffe","1.0"
"Ha0UDw@3","666","1f57b9d1","0.5"
"S9qjoQ@8","222","be1492ba","1.0"
"S9qjoQ@8","555","ff99dc87","1.0"
"Ha0UDw@3","222","4c6bcdd0","1.0"
"S9qjoQ@8","5","ecf09ba0","1.0"
"P1p1aQ@3","SijUusI4nbSiZtldrHhtkX","c27fefc1","1.0"
"S9qjoQ@8","6","a697849b","1.0"
"S9qjoQ@8","3","af6f9c7b","1.0"
"S9qjoQ@8","555","8d834866","1.0"
"S9qjoQ@8","222","c96ea93d","1.0"
"1uEo4w@4","8","9cf8f68b","1.0"
"S9qjoQ@8","666","af3fb659","1.0"
"S9qjoQ@8","777","d7ff0de3","1.0"
"Ha0UDw@3","K20zeiocLDtwL8nRc2Y5aN","406262cb","1.0"
"Ha0UDw@3","666","f2264e65","1.0"
"Ha0UDw@3","111","36946393","1.0"
"S9qjoQ@8","5","1bee149e","1.0"
"1uEo4w@4","333","e1ad1274","1.0"
"1uEo4w@4","5","5efe5a24","0.5"
"S9qjoQ@8","333","4a87fc98","1.0"
"Ha0UDw@3","666","9b5eea31","1.0"
"Ha0UDw@3","8","2dd51d33","1.0"
"S9qjoQ@8","555","4e5d4778","0.0"
"Ha0UDw@3","8","faf692c0","1.0"
"Ha0UDw@3","777","381c4418","1.0"
"1uEo4w@4","555","6e1014e3","1.0"
"Ha0UDw@3","6","fbaf7f5f","1.0"
"S9qjoQ@8","2","64524816","1.0"
"Ha0UDw@3","555","b322de7d","0.0"
"S9qjoQ@8","2","bcda31cb","1.0"
"1uEo4w@4","333","783631fe","1.0"
"1uEo4w@4","4","83aca1b7","1.0"
"S9qjoQ@8","4","fa7fa64","1.0"
"S9qjoQ@8","5","6d8f733e","1.0"
"S9qjoQ@8","3","c5a073e7","1.0"
"1uEo4w@4","333","cefc9bff","1.0"
"S9qjoQ@8","111","6d1d1546","1.0"
"S9qjoQ@8","444","f2090994","1.0"
"Ha0UDw@3","444","ca568c35","0.0"
"Ha0UDw@3","333","a3b00f53","1.0"
"1uEo4w@4","4","1d07bd7d","1.0"
"P1p1aQ@3","SijUusI4nbSiZtldrHhtkX","d7b43e87","1.0"
"Ha0UDw@3","4","9b03f825","1.0"
"S9qjoQ@8","2","b6aa21c5","1.0"
"Ha0UDw@3","777","f31bdba9","1.0"
"Ha0UDw@3","2","c3502faa","1.0"
"S9qjoQ@8","6","228fb9b4","1.0"
"Ha0UDw@3","333","cc05af6a","0.0"
"Ha0UDw@3","444","d75b3246","1.0"
"Ha0UDw@3","777","4867d7ac","1.0"
"S9qjoQ@8","K20zeiocLDtwL8nRc2Y5aN","b392f5d","1.0"
"Ha0UDw@3","2","70e6d2d0","1.0"
"S9qjoQ@8","2","f40c49d9","1.0"
"Ha0UDw@3","8","1ad9d3b3","1.0"
"S9qjoQ@8","4","4c12e11e","1.0"
"S9qjoQ@8","444","836d3af0","1.0"
"Ha0UDw@3","666","991f560","0.0"
"Ha0UDw@3","111","82bcb8cf","1.0"
"S9qjoQ@8","3","10cce2f1","1.0"
"S9qjoQ@8","5","8d65674e","1.0"
"P1p1aQ@3","6","5abd6852","1.0"
"S9qjoQ@8","2","e310fd11","1.0"
"S9qjoQ@8","SijUusI4nbSiZtldrHhtkX","4dce05df","1.0"
"Ha0UDw@3","6","f2a52091","1.0"
"S9qjoQ@8","6","423486af","1.0"
"Ha0UDw@3","333","a010e587","1.0"
"S9qjoQ@8","4","2d994e4f","1.0"
"Ha0UDw@3","5","604abe12","1.0"
"S9qjoQ@8","3","65cad3b","0.0"
"S9qjoQ@8","222","4204a7a8","1.0"
"S9qjoQ@8","7","82dfbd48","1.0"
"P1p1aQ@3","6JIYOGvVU2lA16kFeSbivH","b0b51373","1.0"
"S9qjoQ@8","7","ebeefac2","1.0"
"S9qjoQ@8","2","517469a8","1.0"
"P1p1aQ@3","2","7d830fc7","1.0"
"Ha0UDw@3","666","3d92313c","0.5"
"S9qjoQ@8","4","f3fe0a3f","1.0"
"1uEo4w@4","666","524ce0f","1.0"
"Ha0UDw@3","222","e580e260","1.0"
"S9qjoQ@8","6JIYOGvVU2lA16kFeSbivH","705a3fb","0.0"
"Ha0UDw@3","8","8003b0bd","1.0"
"S9qjoQ@8","222","ebbdaa69","1.0"
"S9qjoQ@8","3","ef0fcf74","1.0"
"S9qjoQ@8","222","b18f901f","1.0"
"Ha0UDw@3","444","85e66261","1.0"
"S9qjoQ@8","222","fa648258","1.0"
"S9qjoQ@8","8","b798c046","1.0"
"S9qjoQ@8","555","3eeb22e3","1.0"
"S9qjoQ@8","3","ee651e01","1.0"
"Ha0UDw@3","6","d5e1cb60","1.0"
"Ha0UDw@3","666","c41e9647","1.0"
"Ha0UDw@3","555","86c9da75","1.0"
"Ha0UDw@3","6","5379ae82","1.0"
"S9qjoQ@8","111","13ce4597","1.0"
"S9qjoQ@8","8","f98bd362","1.0"
"S9qjoQ@8","6","d35a7229","1.0"
"Ha0UDw@3","111","78e2053d","1.0"
"S9qjoQ@8","111","6e67baf9","1.0"
"S9qjoQ@8","4","9814c9c","1.0"
"Ha0UDw@3","3","5827afad","1.0"
"Ha0UDw@3","333","8b8b1cdb","1.0"
"Ha0UDw@3","OiYBP8szIN9z0FfVffV-Qs","c2ee4d7e","1.0"
"S9qjoQ@8","555","3fd06452","1.0"
"Ha0UDw@3","2","91806476","1.0"
"S9qjoQ@8","777","13783510","1.0"
"Ha0UDw@3","2","814ef329","1.0"
"P1p1aQ@3","K20zeiocLDtwL8nRc2Y5aN","102affe9","1.0"
"S9qjoQ@8","666","7beed6d0","1.0"
"Ha0UDw@3","333","6df80262","1.0"
"S9qjoQ@8","4","20a12e5","1.0"
"S9qjoQ@8","7","d9408715","0.0"
"S9qjoQ@8","6","2ca15a79","1.0"
"Ha0UDw@3","8","3201ddd4","1.0"
"Ha0UDw@3","5","d135140","1.0"
"S9qjoQ@8","777","eee487b3","1.0"
"Ha0UDw@3","3","4bc0ada8","1.0"
"Ha0UDw@3","333","edb7394b","1.0"
"Ha0UDw@3","555","93c7a987","1.0"
"Ha0UDw@3","8","6dad520","1.0"
"Ha0UDw@3","7","85d1f4a1","1.0"
"Ha0UDw@3","666","dd03f427","1.0"
"S9qjoQ@8","777","bd94913f","1.0"
"Ha0UDw@3","333","755ff01b","0.0"
"S9qjoQ@8","222","2e0a3904","1.0"
"S9qjoQ@8","6","5de24529","1.0"
"S9qjoQ@8","3","e9239542","1.0"
"S9qjoQ@8","3","5a66cab1","1.0"
"Ha0UDw@3","555","8a0d7e3f","1.0"
"S9qjoQ@8","3","e1ad1274","1.0"
"Ha0UDw@3","K20zeiocLDtwL8nRc2Y5aN","780803ae","1.0"
"Ha0UDw@3","5","2967b3ca","1.0"
"S9qjoQ@8","8","27ea8c0","1.0"
"Ha0UDw@3","777","cad740b8","1.0"
"Ha0UDw@3","222","c31c1b90","1.0"
"S9qjoQ@8","222","6ba041f9","0.5"
"S9qjoQ@8","3","902a3b34","1.0"
"S9qjoQ@8","3","917b2905","1.0"
"S9qjoQ@8","6JIYOGvVU2lA16kFeSbivH","dafb829c","1.0"
"Ha0UDw@3","2","2e55cddd","1.0"
"P1p1aQ@3","7","917805cc","1.0"
"Ha0UDw@3","666","53f41f2c","1.0"
"Ha0UDw@3","3","90e022f4","1.0"
"S9qjoQ@8","111","a59fc6e3","1.0"
"S9qjoQ@8","666","56fecb8c","1.0"
"S9qjoQ@8","666","b1f15d22","1.0"
"Ha0UDw@3","6","f1f98700","1.0"
"S9qjoQ@8","333","ba6da59d","1.0"
"S9qjoQ@8","555","58666c8f","1.0"
"P1p1aQ@3","6JIYOGvVU2lA16kFeSbivH","60344641","1.0"
"Ha0UDw@3","2","332a8347","1.0"
"S9qjoQ@8","3","89d38352","1.0"
"P1p1aQ@3","111","3166b9b3","1.0"
"S9qjoQ@8","444","2da94bb9","0.0"
"Ha0UDw@3","4","86af9e43","1.0"
"Ha0UDw@3","8","1bc46115","1.0"
"S9qjoQ@8","4","d06d43dd","1.0"
"S9qjoQ@8","5","55d13698","0.5"
"S9qjoQ@8","333","898b46ad","1.0"
"S9qjoQ@8","3","93c1cc22","1.0"
"S9qjoQ@8","444","a2019727","1.0"
"S9qjoQ@8","777","ded208ab","1.0"
"S9qjoQ@8","222","281db1fd","1.0"
"S9qjoQ@8","6","e92b6f65","1.0"
"S9qjoQ@8","111","62e033c1","1.0"
"S9qjoQ@8","SijUusI4nbSiZtldrHhtkX","fd6a1149","1.0"
"P1p1aQ@3","333","6ce6af32","1.0"
"Ha0UDw@3","2","c311904e","1.0"
"S9qjoQ@8","666","b2dcc3f3","1.0"
"S9qjoQ@8","3","b5f88327","1.0"
"Ha0UDw@3","666","b466cfbb","1.0"
"S9qjoQ@8","555","c6dd893b","1.0"
"Ha0UDw@3","333","788b9b33","1.0"
"S9qjoQ@8","3","b4f7b39d","1.0"
"S9qjoQ@8","OiYBP8szIN9z0FfVffV-Qs","b714911f","1.0"
"S9qjoQ@8","6JIYOGvVU2lA16kFeSbivH","2408d81","1.0"
"Ha0UDw@3","777","c078248","1.0"
"P1p1aQ@3","6","c2c2a13d","1.0"
"P1p1aQ@3","444","dbd2f20f","1.0"
"P1p1aQ@3","555","11a1f456","1.0"
"S9qjoQ@8","666","ef15ae21","1.0"
"1uEo4w@4","7","e137b79d","1.0"
"Ha0UDw@3","444","d67ddfae","1.0"
"Ha0UDw@3","333","ef1f04d0","1.0"
"Ha0UDw@3","3","5cda4ca","1.0"
"Ha0UDw@3","4","3d3cc918","1.0"
"S9qjoQ@8","222","a0344419","1.0"
"Ha0UDw@3","5","14f3995c","1.0"
"Ha0UDw@3","4","101b413f","1.0"
"S9qjoQ@8","444","6b255c5e","1.0"
"S9qjoQ@8","8","13563825","1.0"
"S9qjoQ@8","6","5eeeb4bd","1.0"
"Ha0UDw@3","222","13ce4597","1.0"
"Ha0UDw@3","555","61451d6c","1.0"
"S9qjoQ@8","111","494e4fbe","1.0"
"S9qjoQ@8","6","d26c0137","1.0"
"S9qjoQ@8","OiYBP8szIN9z0FfVffV-Qs","f1d99b03","1.0"
"Ha0UDw@3","2","a038e444","1.0"
"S9qjoQ@8","4","57c6620e","1.0"
"1uEo4w@4","666","53701a4b","1.0"
"S9qjoQ@8","2","d77c3b75","0.5"
"S9qjoQ@8","8","193936fc","0.5"
"P1p1aQ@3","4","7f0e0566","1.0"
"P1p1aQ@3","8","86d258f1","1.0"
"Ha0UDw@3","7","d2469816","1.0"
"Ha0UDw@3","4","1f3ecdcf","1.0"
"S9qjoQ@8","3","a410215","1.0"
"P1p1aQ@3","222","64d7e7dc","1.0"
"S9qjoQ@8","SijUusI4nbSiZtldrHhtkX","7e82504","1.0"
"S9qjoQ@8","OiYBP8szIN9z0FfVffV-Qs","64b6b44","1.0"
"S9qjoQ@8","444","eb6c98d","1.0"
"S9qjoQ@8","OiYBP8szIN9z0FfVffV-Qs","1ece3850","1.0"
"S9qjoQ@8","OiYBP8szIN9z0FfVffV-Qs","dbea61bb","1.0"
"Ha0UDw@3","222","be88fc41","1.0"
"Ha0UDw@3","2","3bc3a2dc","1.0"
"S9qjoQ@8","555","4b145ac5","1.0"
"Ha0UDw@3","111","826ad82a","1.0"
"Ha0UDw@3","OiYBP8szIN9z0FfVffV-Qs","c2d61683","1.0"
"S9qjoQ@8","6","1e90c7a4","1.0"
"S9qjoQ@8","K20zeiocLDtwL8nRc2Y5aN","c2fb61f5","1.0"
"S9qjoQ@8","4","80aee557","1.0"
"S9qjoQ@8","444","a7c56d33","1.0"
"Ha0UDw@3","7","546821c0","1.0"
"Ha0UDw@3","444","5771d308","0.0"
"Ha0UDw@3","7","14bd3b63","1.0"
"Ha0UDw@3","OiYBP8szIN9z0FfVffV-Qs","16c31802","1.0"
"S9qjoQ@8","3","ad65892e","1.0"
"S9qjoQ@8","7","47a6cc99","1.0"
"Ha0UDw@3","222","58a9207c","0.0"
"Ha0UDw@3","6JIYOGvVU2lA16kFeSbivH","5b4ca708","1.0"
"Ha0UDw@3","2","c69e92b6","1.0"
"Ha0UDw@3","666","39b9145c","1.0"
"S9qjoQ@8","222","8ec292bc","1.0"
"S9qjoQ@8","222","499437a9","1.0"
"Ha0UDw@3","6","311b474a","1.0"
"Ha0UDw@3","OiYBP8szIN9z0FfVffV-Qs","278b7484","1.0"
"1uEo4w@4","3","78dc27f7","1.0"
"S9qjoQ@8","333","73c32090","1.0"
"S9qjoQ@8","111","a697849b","1.0"
"Ha0UDw@3","3","5bbba9c0","1.0"
"P1p1aQ@3","6","87e35034","0.0"
"S9qjoQ@8","OiYBP8szIN9z0FfVffV-Qs","714b8b76","1.0"
"Ha0UDw@3","4","84027bc3","1.0"
"Ha0UDw@3","K20zeiocLDtwL8nRc2Y5aN","ac1b1aac","1.0"
"S9qjoQ@8","666","f086a076","1.0"
"Ha0UDw@3","OiYBP8szIN9z0FfVffV-Qs","e9d4a3ff","0.0"
"S9qjoQ@8","777","61150177","1.0"
"1uEo4w@4","7","42fb7811","1.0"
"S9qjoQ@8","333","671da711","1.0"
"S9qjoQ@8","6","972d96fe","1.0"
"1uEo4w@4","7","565fa9e8","1.0"
"Ha0UDw@3","4","54cba5f3","1.0"
"1uEo4w@4","777","d504b6e5","1.0"
"P1p1aQ@3","666","1bbfb22e","1.0"
"Ha0UDw@3","111","cb5d673e","1.0"
"S9qjoQ@8","111","7b48264e","1.0"
"S9qjoQ@8","7","f96abe2","1.0"
"Ha0UDw@3","333","c9565d03","1.0"
"S9qjoQ@8","6JIYOGvVU2lA16kFeSbivH","535d191a","1.0"
"Ha0UDw@3","555","4fa82c6e","1.0"
"S9qjoQ@8","6JIYOGvVU2lA16kFeSbivH","b7346f7b","1.0"
"Ha0UDw@3","2","933287db","1.0"
"Ha0UDw@3","SijUusI4nbSiZtldrHhtkX","2a14ea22","1.0"
"P1p1aQ@3","222","2474033d","1.0"
"S9qjoQ@8","5","e0373839","0.5"
"Ha0UDw@3","111","55535aab","1.0"
"Ha0UDw@3","444","aa596392","1.0"
"Ha0UDw@3","8","abbf00ce","1.0"
"S9qjoQ@8","2","1681e79c","1.0"
"1uEo4w@4","6","22767463","1.0"
"S9qjoQ@8","777","b7b0c316","0.5"
"S9qjoQ@8","6","9f3c9e28","1.0"
"S9qjoQ@8","111","ce8b5e9b","1.0"
"S9qjoQ@8","2","5256d738","1.0"
"Ha0UDw@3","3","2ba57998","1.0"
"P1p1aQ@3","7","e8a1da46","1.0"
"Ha0UDw@3","777","636e1a6d","1.0"
"Ha0UDw@3","333","2aad59d5","1.0"
"P1p1aQ@3","5","eeced303","1.0"
"Ha0UDw@3","4","8067581a","1.0"
"Ha0UDw@3","333","d0634780","1.0"
"Ha0UDw@3","111","f9e3faac","1.0"
"S9qjoQ@8","5","260d7e80","1.0"
"Ha0UDw@3","8","71d08c6","1.0"
"S9qjoQ@8","555","c934733a","1.0"
"S9qjoQ@8","5","af14086a","1.0"
"S9qjoQ@8","444","574e5b22","1.0"
"S9qjoQ@8","666","fab08a13","1.0"
"S9qjoQ@8","6JIYOGvVU2lA16kFeSbivH","480a53de","1.0"
"Ha0UDw@3","5","31c12fb7","1.0"
"S9qjoQ@8","4","99094e09","1.0"
"S9qjoQ@8","3","c75a87e0","1.0"
"Ha0UDw@3","555","71ddc3a8","0.0"
"S9qjoQ@8","6","1f79f86c","1.0"
"S9qjoQ@8","777","774a29a3","1.0"
"1uEo4w@4","3","8768103d","1.0"
"S9qjoQ@8","666","4f8bd583","1.0"
"S9qjoQ@8","222","d74a70b7","1.0"
"Ha0UDw@3","222","7e6a4852","1.0"
"P1p1aQ@3","111","2e155eb2","1.0"
"Ha0UDw@3","333","e89c9f63","1.0"
"S9qjoQ@8","3","d6fa5995","1.0"
"Ha0UDw@3","OiYBP8szIN9z0FfVffV-Qs","1a38df77","1.0"
"S9qjoQ@8","OiYBP8szIN9z0FfVffV-Qs","bcc5711c","1.0"
"Ha0UDw@3","777","45a81f4e","1.0"
"S9qjoQ@8","333","ce366cfa","1.0"
"S9qjoQ@8","444","38559331","1.0"
"1uEo4w@4","777","89b66f49","1.0"
"S9qjoQ@8","555","af26dec4","1.0"
"P1p1aQ@3","8","bc07a346","1.0"
"S9qjoQ@8","2","be9d00d5","1.0"
"1uEo4w@4","8","7e54c4a1","1.0"
"S9qjoQ@8","K20zeiocLDtwL8nRc2Y5aN","73c32090","0.5"
"Ha0UDw@3","666","9cde7918","1.0"
"Ha0UDw@3","6","7597c7c4","1.0"
"S9qjoQ@8","5","7f00e5f2","1.0"
"P1p1aQ@3","OiYBP8szIN9z0FfVffV-Qs","7f3f3414","1.0"
"S9qjoQ@8","333","85e66261","1.0"
"S9qjoQ@8","2","9367417a","1.0"
"Ha0UDw@3","K20zeiocLDtwL8nRc2Y5aN","7b92a1ca","1.0"
"Ha0UDw@3","7","f4b733ec","1.0"
"Ha0UDw@3","6","82ea3fe1","1.0"
"S9qjoQ@8","6JIYOGvVU2lA16kFeSbivH","e200ee87","1.0"
"S9qjoQ@8","777","85ec7ce7","1.0"
"S9qjoQ@8","5","4fed1334","0.0"
"Ha0UDw@3","666","1d451443","1.0"
"Ha0UDw@3","7","215ea505","1.0"
"1uEo4w@4","777","882a178","1.0"
"S9qjoQ@8","7","80bd48be","1.0"
"Ha0UDw@3","111","33ca3f8e","1.0"
"Ha0UDw@3","444","9b9a75f2","1.0"
"S9qjoQ@8","555","473aee61","1.0"
"S9qjoQ@8","222","744a225e","1.0"
"Ha0UDw@3","3","844c9288","1.0"
"Ha0UDw@3","777","739598fb","1.0"
"S9qjoQ@8","222","18d7fec0","0.5"
"Ha0UDw@3","222","fcacec89","1.0"
"S9qjoQ@8","5","5345935d","1.0"
"Ha0UDw@3","6JIYOGvVU2lA16kFeSbivH","69211668","1.0"
"S9qjoQ@8","555","d3c63d44","1.0"
"S9qjoQ@8","7","2fbb0c0b","1.0"
"Ha0UDw@3","7","508814c3","1.0"
"S9qjoQ@8","4","c94aeb8f","1.0"
"Ha0UDw@3","7","a95f9932","1.0"
"1uEo4w@4","6JIYOGvVU2lA16kFeSbivH","16063adb","1.0"
"S9qjoQ@8","5","a3eddb11","1.0"
"Ha0UDw@3","222","3bd43cca","1.0"
"S9qjoQ@8","8","46e7b903","1.0"
"Ha0UDw@3","444","efb09cb7","1.0"
"S9qjoQ@8","444","7e11c1c3","1.0"
"S9qjoQ@8","2","fa112614","1.0"
"Ha0UDw@3","3","d5fa6463","1.0"
"S9qjoQ@8","555","4ada2a3c","1.0"
"S9qjoQ@8","333","65cdffce","1.0"
"1uEo4w@4","3","66c45b4a","1.0"
"P1p1aQ@3","666","2d99b434","1.0"
"S9qjoQ@8","SijUusI4nbSiZtldrHhtkX","671d9e28","1.0"
"P1p1aQ@3","4","be4df9e5","1.0"
"P1p1aQ@3","7","dba54753","0.5"
"P1p1aQ@3","3","fe2be2a0","1.0"
"1uEo4w@4","222","28317843","1.0"
"Ha0UDw@3","3","72f6efbd","0.5"
"S9qjoQ@8","111","af4fc601","1.0"
"Ha0UDw@3","333","4deddb58","1.0"
"S9qjoQ@8","222","daed0bb4","1.0"
"S9qjoQ@8","4","c7105a21","1.0"
"P1p1aQ@3","7","13445be0","1.0"
"S9qjoQ@8","666","54ddf6bd","1.0"
"S9qjoQ@8","6JIYOGvVU2lA16kFeSbivH","67b8ae04","1.0"
"S9qjoQ@8","555","10cce2f1","1.0"
"S9qjoQ@8","111","7af91c0e","1.0"
"S9qjoQ@8","2","8a8240a9","1.0"
"Ha0UDw@3","OiYBP8szIN9z0FfVffV-Qs","6146fae5","1.0"
"S9qjoQ@8","3","4c7b0a4a","1.0"
"Ha0UDw@3","4","a48d935d","1.0"
"S9qjoQ@8","555","1411d463","1.0"
"S9qjoQ@8","OiYBP8szIN9z0FfVffV-Qs","1deb2999","1.0"
"S9qjoQ@8","K20zeiocLDtwL8nRc2Y5aN","2074bacb","1.0"
"Ha0UDw@3","5","9b1725c4","1.0"
"S9qjoQ@8","SijUusI4nbSiZtldrHhtkX","36248675","1.0"
"S9qjoQ@8","222","d3cb8dec","1.0"
"P1p1aQ@3","666","d4dcdc91","1.0"
"Ha0UDw@3","6JIYOGvVU2lA16kFeSbivH","69f5469c","0.5"
"Ha0UDw@3","222","8e937397","1.0"
"Ha0UDw@3","555","93a26789","1.0"
"S9qjoQ@8","5","c3d305f0","1.0"
"S9qjoQ@8","111","b60b3766","1.0"
"Ha0UDw@3","555","863402e2","1.0"
"Ha0UDw@3","222","a4a756f","1.0"
"S9qjoQ@8","2","d5c4cf49","1.0"
"Ha0UDw@3","6JIYOGvVU2lA16kFeSbivH","813eb7c7","1.0"
"S9qjoQ@8","555","cbc437f5","1.0"
"1uEo4w@4","8","538f293e","1.0"
"S9qjoQ@8","222","f71e533c","1.0"
"S9qjoQ@8","2","2b9ae5c3","1.0"
"1uEo4w@4","222","8402556","1.0"
"S9qjoQ@8","222","dafc35b0","1.0"
"S9qjoQ@8","8","ab19ab04","1.0"
"Ha0UDw@3","333","26ad9ccd","1.0"
"Ha0UDw@3","555","d849bdff","0.5"
"Ha0UDw@3","6","42afc1ee","1.0"
"S9qjoQ@8","555","40b94bc9","1.0"
"Ha0UDw@3","7","1827089c","1.0"
"S9qjoQ@8","222","94d2d98e","1.0"
"Ha0UDw@3","8","eb6b3b7f","1.0"
"P1p1aQ@3","111","93024dc5","1.0"
"Ha0UDw@3","3","ed038642","1.0"
"S9qjoQ@8","111","789c8ce7","1.0"
"S9qjoQ@8","4","a58fcf4c","0.5"
"1uEo4w@4","666","86af9e43","1.0"
"Ha0UDw@3","3","9945d0b6","1.0"
"Ha0UDw@3","7","c1615009","1.0"
"S9qjoQ@8","6","ec6259c0","1.0"
"Ha0UDw@3","666","5cd236ae","1.0"
"Ha0UDw@3","7","4695c15c","1.0"
"S9qjoQ@8","OiYBP8szIN9z0FfVffV-Qs","b994ea8a","1.0"
"S9qjoQ@8","8","67705739","1.0"
"Ha0UDw@3","SijUusI4nbSiZtldrHhtkX","c5d98c9f","1.0"
"S9qjoQ@8","2","808744b7","1.0"
"S9qjoQ@8","6JIYOGvVU2lA16kFeSbivH","4695c15c","1.0"
"S9qjoQ@8","666","cd7e94f6","1.0"
"S9qjoQ@8","SijUusI4nbSiZtldrHhtkX","79ca0548","1.0"
"S9qjoQ@8","K20zeiocLDtwL8nRc2Y5aN","c7d39467","1.0"
"Ha0UDw@3","666","2ead62a7","1.0"
"S9qjoQ@8","4","d45c89d","1.0"
"Ha0UDw@3","222","f7e311a5","1.0"
"S9qjoQ@8","6JIYOGvVU2lA16kFeSbivH","86bce66a","1.0"
"Ha0UDw@3","444","281b9ac5","1.0"
"S9qjoQ@8","SijUusI4nbSiZtldrHhtkX","3b55fcf9","1.0"
"S9qjoQ@8","4","7493b51","1.0"
"S9qjoQ@8","444","c567ddbd","1.0"
"S9qjoQ@8","4","48a21315","1.0"
"S9qjoQ@8","OiYBP8szIN9z0FfVffV-Qs","854ed368","1.0"
"P1p1aQ@3","SijUusI4nbSiZtldrHhtkX","263c7ce5","1.0"
"S9qjoQ@8","SijUusI4nbSiZtldrHhtkX","d2a26c9d","1.0"
"Ha0UDw@3","555","e4c3c16e","1.0"
"S9qjoQ@8","5","7f5d6fa8","1.0"
"S9qjoQ@8","111","d3eb621a","1.0"
"Ha0UDw@3","OiYBP8szIN9z0FfVffV-Qs","d6e86a6","1.0"
"Ha0UDw@3","111","824f6b1","0.0"
"P1p1aQ@3","222","42558c2c","1.0"
"S9qjoQ@8","2","40f80b92","1.0"
"Ha0UDw@3","K20zeiocLDtwL8nRc2Y5aN","7e6c8c3f","1.0"
"S9qjoQ@8","333","66c34ced","1.0"
"Ha0UDw@3","222","ec72c2b","1.0"
"S9qjoQ@8","777","b8e3598d","0.5"
"Ha0UDw@3","SijUusI4nbSiZtldrHhtkX","dc6b40c2","1.0"
"P1p1aQ@3","2","953c2104","1.0"
"Ha0UDw@3","8","c7d2b7ba","1.0"
"Ha0UDw@3","444","4c61547e","1.0"
"S9qjoQ@8","4","9e8a6bfe","1.0"
"Ha0UDw@3","777","e8229bc2","1.0"
"S9qjoQ@8","555","4d79fb76","1.0"
"Ha0UDw@3","6JIYOGvVU2lA16kFeSbivH","75de8612","1.0"
"S9qjoQ@8","7","4456edc9","1.0"
"S9qjoQ@8","6","d2c7216d","1.0"
"Ha0UDw@3","5","13b0a8f9","1.0"
"S9qjoQ@8","777","1fec67f9","1.0"
"Ha0UDw@3","4","78c1cf8e","1.0"
"Ha0UDw@3","SijUusI4nbSiZtldrHhtkX","973e461a","1.0"
"P1p1aQ@3","666","b8fd9551","1.0"
"Ha0UDw@3","6JIYOGvVU2lA16kFeSbivH","3ac063a5","1.0"
"Ha0UDw@3","555","d3c39240","1.0"
"Ha0UDw@3","3","57fa592","1.0"
"S9qjoQ@8","777","439175f1","1.0"
"1uEo4w@4","3","6395f674","1.0"
"S9qjoQ@8","444","43f6400c","1.0"
"S9qjoQ@8","111","d849bdff","0.0"
"P1p1aQ@3","666","5973417c","1.0"
"S9qjoQ@8","666","62c1ba9f","1.0"
"1uEo4w@4","8","6f0e4515","1.0"
"S9qjoQ@8","2","bfa6a900","1.0"
"S9qjoQ@8","5","10b2fe14","1.0"
"Ha0UDw@3","333","85d1f4a1","1.0"
"S9qjoQ@8","8","7273b682","1.0"
"1uEo4w@4","2","b38a87fd","1.0"
"S9qjoQ@8","5","60630360","1.0"
"1uEo4w@4","SijUusI4nbSiZtldrHhtkX","cfa81f22","1.0"
"Ha0UDw@3","6","d6d19d62","1.0"
"Ha0UDw@3","777","b9f30767","1.0"
"S9qjoQ@8","777","a72cd2af","1.0"
"Ha0UDw@3","3","69204dea","1.0"
"Ha0UDw@3","222","32659c22","1.0"
"S9qjoQ@8","777","6fc6b79b","1.0"
"1uEo4w@4","5","48152c62","1.0"
"S9qjoQ@8","555","dafb829c","1.0"
"S9qjoQ@8","6","71f0e7b4","1.0"
"S9qjoQ@8","555","54bd75bf","1.0"
"S9qjoQ@8","222","b9d0fcc1","1.0"
"S9qjoQ@8","333","fae573f2","1.0"
"Ha0UDw@3","5","7845eab4","1.0"
"Ha0UDw@3","4","ebeefac2","1.0"
"S9qjoQ@8","K20zeiocLDtwL8nRc2Y5aN","6504fcfd","1.0"
"Ha0UDw@3","4","39999e78","1.0"
"Ha0UDw@3","6","a15e9353","1.0"
"Ha0UDw@3","222","dd686474","1.0"
"Ha0UDw@3","111","35600836","1.0"
"S9qjoQ@8","666","ffb66414","1.0"
"S9qjoQ@8","OiYBP8szIN9z0FfVffV-Qs","8f874384","1.0"
"S9qjoQ@8","OiYBP8szIN9z0FfVffV-Qs","8f57b4b3","1.0"
"S9qjoQ@8","7","ed34214","1.0"
"S9qjoQ@8","4","288db777","1.0"
"S9qjoQ@8","111","35e46cfc","1.0"
"S9qjoQ@8","777","33d0c0c7","1.0"
"Ha0UDw@3","777","d2469816","0.0"
"Ha0UDw@3","4","249fb08c","1.0"
"S9qjoQ@8","777","9dfe3f75","1.0"
"S9qjoQ@8","4","c75a87e0","1.0"
"1uEo4w@4","222","ef044b0","1.0"
"S9qjoQ@8","2","5ed60042","1.0"
"1uEo4w@4","777","2e20a8d9","1.0"
"S9qjoQ@8","666","813db79f","0.0"
"Ha0UDw@3","111","8f76f22","1.0"
"Ha0UDw@3","3","cd2a48ec","1.0"
"P1p1aQ@3","5","5e280a03","1.0"
"Ha0UDw@3","K20zeiocLDtwL8nRc2Y5aN","f3a65238","1.0"
"S9qjoQ@8","SijUusI4nbSiZtldrHhtkX","622c3d16","1.0"
"S9qjoQ@8","666","d3eb337f","1.0"
"S9qjoQ@8","444","d61e201b","1.0"
"Ha0UDw@3","777","af13c624","1.0"
"S9qjoQ@8","3","22a15ce6","1.0"
"S9qjoQ@8","8","fbb843ef","1.0"
"Ha0UDw@3","8","a6d3da4c","1.0"
"P1p1aQ@3","7","2d7febba","0.5"
"Ha0UDw@3","5","2c58d01f","1.0"
"S9qjoQ@8","3","3184bbb2","1.0"
"S9qjoQ@8","6","293dee8c","1.0"
"S9qjoQ@8","5","6559597b","1.0"
"S9qjoQ@8","222","b554b08","1.0"
"S9qjoQ@8","3","3a6bc5f2","1.0"
"S9qjoQ@8","555","c00276ff","1.0"
"Ha0UDw@3","444","af7425b8","1.0"
"Ha0UDw@3","8","59e37ad9","1.0"
"Ha0UDw@3","7","3a0fabe5","1.0"
"S9qjoQ@8","666","ef044b0","1.0"
"Ha0UDw@3","222","d2ee59a7","1.0"
"Ha0UDw@3","2","7599639b","1.0"
"Ha0UDw@3","2","e98c6b04","1.0"
"S9qjoQ@8","5","3f1d5b6b","1.0"
"Ha0UDw@3","2","fc7bbe2d","1.0"
"P1p1aQ@3","3","1cd0fb94","1.0"
"Ha0UDw@3","SijUusI4nbSiZtldrHhtkX","76e60a28","1.0"
"S9qjoQ@8","K20zeiocLDtwL8nRc2Y5aN","49940a7c","1.0"
"P1p1aQ@3","5","c4be5897","0.5"
"S9qjoQ@8","111","bb2ed441","1.0"
"S9qjoQ@8","4","84dbb860","1.0"
"S9qjoQ@8","222","a8f6a669","0.0"
"Ha0UDw@3","8","5be777c5","1.0"
"Ha0UDw@3","3","b9d0fcc1","1.0"
"Ha0UDw@3","7","8122f9c8","1.0"
"S9qjoQ@8","111","3c979da3","1.0"
"S9qjoQ@8","2","dd3b1df7","1.0"
"S9qjoQ@8","6","d3eb621a","1.0"
"Ha0UDw@3","6","8be3a62f","1.0"
"Ha0UDw@3","8","ea58e5ac","1.0"
"Ha0UDw@3","6","723fd2dc","1.0"
"S9qjoQ@8","555","20ee1458","1.0"
"S9qjoQ@8","777","888fddb","1.0"
"1uEo4w@4","2","a4abc5c0","1.0"
"S9qjoQ@8","3","d794ad1d","1.0"
"Ha0UDw@3","SijUusI4nbSiZtldrHhtkX","b595c1fe","1.0"
"Ha0UDw@3","666","71c3f22d","1.0"
"Ha0UDw@3","4","1df4cd47","1.0"
"S9qjoQ@8","555","6f23facc","1.0"
"S9qjoQ@8","2","8a025886","1.0"
"1uEo4w@4","444","4a64d1a8","1.0"
"P1p1aQ@3","SijUusI4nbSiZtldrHhtkX","2fa548aa","1.0"
"1uEo4w@4","444","460e45d9","0.0"
"Ha0UDw@3","333","fb18330d","1.0"
"Ha0UDw@3","555","1c3a111a","1.0"
"Ha0UDw@3","3","dd08739d","0.5"
"Ha0UDw@3","5","726c6a85","1.0"
"S9qjoQ@8","6JIYOGvVU2lA16kFeSbivH","551a7186","1.0"
"1uEo4w@4","7","e257d81","1.0"
"1uEo4w@4","333","78e2053d","1.0"
"S9qjoQ@8","2","c011d91","1.0"
"S9qjoQ@8","555","7c83784","1.0"
"S9qjoQ@8","666","6727ef34","1.0"
"1uEo4w@4","5","d590f56","1.0"
"Ha0UDw@3","555","eca536e9","0.0"
"S9qjoQ@8","4","ec37b033","1.0"
"P1p1aQ@3","4","1a631162","1.0"
"S9qjoQ@8","222","f42c690a","1.0"
"S9qjoQ@8","7","7493b51","0.0"
"S9qjoQ@8","OiYBP8szIN9z0FfVffV-Qs","bad031","0.0"
"S9qjoQ@8","7","33d0c0c7","1.0"
"Ha0UDw@3","7","edbfe505","1.0"
"S9qjoQ@8","K20zeiocLDtwL8nRc2Y5aN","cad75860","1.0"
"Ha0UDw@3","4","6ad26533","1.0"
"Ha0UDw@3","333","b6913609","1.0"
"S9qjoQ@8","4","9f1bdbe1","1.0"
"S9qjoQ@8","7","3fa32541","1.0"
"Ha0UDw@3","444","5e19c50b","1.0"
"Ha0UDw@3","666","bde3e703","1.0"
"Ha0UDw@3","K20zeiocLDtwL8nRc2Y5aN","91131fbe","1.0"
"S9qjoQ@8","2","e8a53296","1.0"
"S9qjoQ@8","222","967e4597","1.0"
"Ha0UDw@3","333","d660fcae","1.0"
"S9qjoQ@8","7","d8015eca","1.0"
"Ha0UDw@3","333","c9a820f3","1.0"
"S9qjoQ@8","666","72b121bb","1.0"
"S9qjoQ@8","222","2e5bd70b","1.0"
"Ha0UDw@3","333","97b563e3","1.0"
"S9qjoQ@8","5","cf3159e4","1.0"
"S9qjoQ@8","7","1a731973","1.0"
"S9qjoQ@8","4","c7f46486","1.0"
"S9qjoQ@8","3","6dcf976f","1.0"
"S9qjoQ@8","666","f8ca62f","1.0"
"S9qjoQ@8","222","d01e176b","1.0"
"S9qjoQ@8","111","2f1828e5","1.0"
"Ha0UDw@3","333","a697849b","1.0"
"S9qjoQ@8","2","ee98808","1.0"
"1uEo4w@4","555","47b24235","1.0"
"Ha0UDw@3","666","7e2cc776","1.0"
"Ha0UDw@3","333","49237bb8","0.0"
"S9qjoQ@8","4","17637f2c","1.0"
"P1p1aQ@3","SijUusI4nbSiZtldrHhtkX","91131fbe","1.0"
"S9qjoQ@8","333","3a5cc7e2","1.0"
"S9qjoQ@8","3","3df18777","0.0"
"Ha0UDw@3","666","cb371d6c","1.0"
"S9qjoQ@8","8","b0678b9","1.0"
"Ha0UDw@3","444","586d50cd","1.0"
"S9qjoQ@8","666","62289dc9","1.0"
"S9qjoQ@8","444","d1bdab03","1.0"
"S9qjoQ@8","8","e62c81af","1.0"
"Ha0UDw@3","2","acc4790e","1.0"
"Ha0UDw@3","7","f8d51310","1.0"
"Ha0UDw@3","555","78aea703","1.0"
"S9qjoQ@8","3","96e75118","1.0"
"S9qjoQ@8","5","2f24726b","1.0"
"S9qjoQ@8","6JIYOGvVU2lA16kFeSbivH","e828df5a","1.0"
"1uEo4w@4","333","233b6c5e","1.0"
"S9qjoQ@8","555","1179a5f0","1.0"
"S9qjoQ@8","777","653b276a","1.0"
"S9qjoQ@8","6","7f796ef5","1.0"
"S9qjoQ@8","6","b19802be","1.0"
"S9qjoQ@8","333","f8a1548c","1.0"
"Ha0UDw@3","8","86543c42","1.0"
"Ha0UDw@3","5","6c79d497","1.0"
"Ha0UDw@3","666","b2804c82","1.0"
"S9qjoQ@8","6JIYOGvVU2lA16kFeSbivH","5a1508dc","1.0"
"Ha0UDw@3","4","b8076e4b","1.0"
"S9qjoQ@8","333","98a9c4ea","1.0"
"S9qjoQ@8","111","a66cbb58","1.0"
"Ha0UDw@3","7","736c0f5c","1.0"
"P1p1aQ@3","OiYBP8szIN9z0FfVffV-Qs","f2eda04c","1.0"
"S9qjoQ@8","2","78a71976","1.0"
"Ha0UDw@3","777","4062dd8","1.0"
"Ha0UDw@3","4","83c734e5","1.0"
"Ha0UDw@3","444","4d34f795","1.0"
"Ha0UDw@3","444","8316f8f0","1.0"
"S9qjoQ@8","K20zeiocLDtwL8nRc2Y5aN","4a208f8a","1.0"
"Ha0UDw@3","5","895e08f2","0.5"
"S9qjoQ@8","222","6b417cb3","1.0"
"P1p1aQ@3","444","fbc73d54","1.0"
"S9qjoQ@8","111","32749d50","0.5"
"Ha0UDw@3","4","229930c4","1.0"
"S9qjoQ@8","777","cf4326eb","1.0"
"S9qjoQ@8","2","7a4591cc","1.0"
"S9qjoQ@8","8","78963612","1.0"
"S9qjoQ@8","111","ef82164b","1.0"
"Ha0UDw@3","4","83b5432d","1.0"
"P1p1aQ@3","222","9367417a","1.0"
"P1p1aQ@3","6","f355d97e","1.0"
"S9qjoQ@8","3","f999407c","0.0"
"Ha0UDw@3","3","b3a4cda1","1.0"
"S9qjoQ@8","7","49f3bb1d","1.0"
"S9qjoQ@8","111","3d88cd53","1.0"
"S9qjoQ@8","111","73a6f431","1.0"
"Ha0UDw@3","3","f365fda6","1.0"
"S9qjoQ@8","333","ef623e23","1.0"
"Ha0UDw@3","2","92148ed0","1.0"
"Ha0UDw@3","3","bae7164c","1.0"
"Ha0UDw@3","8","57aee777","1.0"
"S9qjoQ@8","OiYBP8szIN9z0FfVffV-Qs","5f32c853","1.0"
"S9qjoQ@8","333","617cedc0","1.0"
"1uEo4w@4","OiYBP8szIN9z0FfVffV-Qs","f71b645b","0.0"
"Ha0UDw@3","4","ae232941","1.0"
"Ha0UDw@3","6","25e69c8a","1.0"
"Ha0UDw@3","6","56a87e77","0.0"
"S9qjoQ@8","111","101514eb","1.0"
"S9qjoQ@8","444","20833302","1.0"
"P1p1aQ@3","555","5d2033cf","1.0"
"S9qjoQ@8","444","c6f935d2","1.0"
"Ha0UDw@3","6JIYOGvVU2lA16kFeSbivH","695d8901","1.0"
"Ha0UDw@3","777","e2aa0a11","1.0"
"P1p1aQ@3","7","8592f9d4","0.0"
"S9qjoQ@8","3","408b8774","1.0"
"Ha0UDw@3","6JIYOGvVU2lA16kFeSbivH","3091a8a3","1.0"
"S9qjoQ@8","6","efd39c51","1.0"
"S9qjoQ@8","666","3d773a68","1.0"
"S9qjoQ@8","2","760506c1","1.0"
"S9qjoQ@8","2","af13c624","1.0"
"Ha0UDw@3","111","9d68c319","0.5"
"S9qjoQ@8","444","c596f018","1.0"
"S9qjoQ@8","555","84db2229","1.0"
"Ha0UDw@3","6JIYOGvVU2lA16kFeSbivH","cbd6796d","1.0"
"Ha0UDw@3","6","6e477378","1.0"
"P1p1aQ@3","6JIYOGvVU2lA16kFeSbivH","263fad83","1.0"
"S9qjoQ@8","111","f53c1d8","1.0"
"S9qjoQ@8","6","1a3bf868","1.0"
"1uEo4w@4","5","d5a7194f","1.0"
"S9qjoQ@8","5","b9028339","1.0"
"Ha0UDw@3","6","4c367453","1.0"
"1uEo4w@4","3","27bb1dfc","1.0"
"Ha0UDw@3","8","be46f9e7","1.0"
"Ha0UDw@3","666","acffbbf4","1.0"
"Ha0UDw@3","3","a27c6b36","1.0"
"S9qjoQ@8","666","7886da25","1.0"
"1uEo4w@4","111","f49a1d10","1.0"
"S9qjoQ@8","6","a09b1e3b","1.0"
"P1p1aQ@3","5","f416d35a","1.0"
"S9qjoQ@8","111","c59760e3","1.0"
"Ha0UDw@3","666","8d9340f9","1.0"
"Ha0UDw@3","7","dc602999","1.0"
"S9qjoQ@8","777","16291ef0","1.0"
"Ha0UDw@3","555","65af72d1","1.0"
"S9qjoQ@8","333","c0a30f16","1.0"
"S9qjoQ@8","777","366608c9","1.0"
"S9qjoQ@8","777","dc7f58","1.0"
"Ha0UDw@3","666","9cde475b","1.0"
"S9qjoQ@8","222","92c75afc","1.0"
"S9qjoQ@8","7","f649959b","1.0"
"Ha0UDw@3","111","a1eab20d","1.0"
"Ha0UDw@3","6JIYOGvVU2lA16kFeSbivH","df50f33f","1.0"
"Ha0UDw@3","3","1b7f952c","1.0"
"Ha0UDw@3","777","6611c9e0","1.0"
"Ha0UDw@3","4","62596301","1.0"
"S9qjoQ@8","2","830efb33","1.0"
"Ha0UDw@3","8","e12465b5","1.0"
"1uEo4w@4","4","6402bdc6","1.0"
"S9qjoQ@8","111","999c463e","1.0"
"S9qjoQ@8","111","3a360efd","1.0"
"Ha0UDw@3","SijUusI4nbSiZtldrHhtkX","51cdd175","1.0"
"P1p1aQ@3","5","f2a52091","1.0"
"Ha0UDw@3","OiYBP8szIN9z0FfVffV-Qs","d2bb4016","1.0"
"S9qjoQ@8","8","1b4087fb","1.0"
"S9qjoQ@8","OiYBP8szIN9z0FfVffV-Qs","74f223aa","1.0"
"S9qjoQ@8","444","72db22d6","0.0"
"1uEo4w@4","7","80f89a7a","1.0"
"S9qjoQ@8","6","2ff5f539","1.0"
"Ha0UDw@3","777","6d046c29","1.0"
"S9qjoQ@8","OiYBP8szIN9z0FfVffV-Qs","1a3efd79","1.0"
"Ha0UDw@3","111","2f037f74","0.0"
"P1p1aQ@3","333","d9431dc0","1.0"
"P1p1aQ@3","2","d5b17801","1.0"
"S9qjoQ@8","222","652a1e61","1.0"
"Ha0UDw@3","5","52bad151","1.0"
"Ha0UDw@3","111","5f162bed","1.0"
"Ha0UDw@3","777","8978d37b","0.0"
"S9qjoQ@8","666","8ed52f74","1.0"
"1uEo4w@4","444","7f34f1aa","0.0"
"Ha0UDw@3","111","4a5a5f45","1.0"
"Ha0UDw@3","111","f727be07","1.0"
"Ha0UDw@3","555","67551e4a","1.0"
"S9qjoQ@8","6JIYOGvVU2lA16kFeSbivH","494e4fbe","1.0"
"Ha0UDw@3","111","a47fe98c","1.0"
"Ha0UDw@3","8","ab4f1dd8","1.0"
"P1p1aQ@3","777","10ebfbb3","0.0"
"S9qjoQ@8","555","22a60033","1.0"
"Ha0UDw@3","4","4e07caf9","1.0"
"Ha0UDw@3","OiYBP8szIN9z0FfVffV-Qs","22185203","1.0"
"P1p1aQ@3","333","95fb615","1.0"
"1uEo4w@4","7","3a73c3aa","1.0"
"S9qjoQ@8","333","8119a05a","1.0"
"S9qjoQ@8","6","f3dafae6","1.0"
"P1p1aQ@3","444","e63e49c3","1.0"
"S9qjoQ@8","OiYBP8szIN9z0FfVffV-Qs","2846556d","1.0"
"Ha0UDw@3","3","f3b4c7f2","1.0"
"S9qjoQ@8","6JIYOGvVU2lA16kFeSbivH","9cde475b","1.0"
"S9qjoQ@8","222","9fc9c5a","1.0"
"Ha0UDw@3","222","207c03be","1.0"
"Ha0UDw@3","8","e544cc81","1.0"
"Ha0UDw@3","8","a913a183","1.0"
"S9qjoQ@8","666","5fa96913","1.0"
"Ha0UDw@3","2","b51102a2","1.0"
"S9qjoQ@8","SijUusI4nbSiZtldrHhtkX","5df290c8","1.0"
"S9qjoQ@8","444","33394c5e","1.0"
"S9qjoQ@8","333","86917469","1.0"
"Ha0UDw@3","8","edc0b540","1.0"
"1uEo4w@4","OiYBP8szIN9z0FfVffV-Qs","be8a9465","1.0"
"Ha0UDw@3","8","d18f5412","1.0"
"Ha0UDw@3","7","74a096aa","1.0"
"S9qjoQ@8","555","5623828f","1.0"
"S9qjoQ@8","666","bb6fd8b5","0.0"
"P1p1aQ@3","7","b58491a","0.0"
"P1p1aQ@3","111","c934733a","1.0"
"S9qjoQ@8","SijUusI4nbSiZtldrHhtkX","30ea39db","1.0"
"P1p1aQ@3","4","72f2b106","1.0"
"Ha0UDw@3","5","417aa9f4","1.0"
"1uEo4w@4","333","1f5cfaf0","1.0"
"Ha0UDw@3","666","cbc96c65","1.0"
"S9qjoQ@8","111","c66d2dd","1.0"
"S9qjoQ@8","333","2db61a72","1.0"
"S9qjoQ@8","5","13783510","1.0"
"Ha0UDw@3","5","3694cf9c","1.0"
"S9qjoQ@8","7","ccf1d0dd","1.0"
"Ha0UDw@3","OiYBP8szIN9z0FfVffV-Qs","2aaa8f6d","1.0"
"S9qjoQ@8","333","8d7104fb","1.0"
"S9qjoQ@8","8","4a5a5f45","1.0"
"Ha0UDw@3","4","887e6eca","1.0"
"S9qjoQ@8","SijUusI4nbSiZtldrHhtkX","89da361a","1.0"
"Ha0UDw@3","7","1bde37ea","1.0"
"Ha0UDw@3","3","786a161f","1.0"
"S9qjoQ@8","4","5f938476","1.0"
"Ha0UDw@3","444","7e82504","1.0"
"S9qjoQ@8","6JIYOGvVU2lA16kFeSbivH","73cda9cd","1.0"
"Ha0UDw@3","333","cdb27707","1.0"
"Ha0UDw@3","111","35431c97","1.0"
"Ha0UDw@3","6","ee844109","1.0"
"S9qjoQ@8","4","be86f869","1.0"
"S9qjoQ@8","777","300b2e57","1.0"
"S9qjoQ@8","2","3ab66604","1.0"
"Ha0UDw@3","2","b6962f68","1.0"
"Ha0UDw@3","777","d65497d8","1.0"
"S9qjoQ@8","2","f0f54870","1.0"
"Ha0UDw@3","OiYBP8szIN9z0FfVffV-Qs","be23a180","0.0"
"S9qjoQ@8","333","4cad5dd3","1.0"
"Ha0UDw@3","SijUusI4nbSiZtldrHhtkX","38463519","1.0"
"Ha0UDw@3","7","48d0cf02","0.0"
"P1p1aQ@3","K20zeiocLDtwL8nRc2Y5aN","27b16d0e","1.0"
"Ha0UDw@3","8","365f91a5","1.0"
"S9qjoQ@8","7","35ef946d","1.0"
"Ha0UDw@3","7","a5f52828","1.0"
"S9qjoQ@8","222","27f202ab","1.0"
"Ha0UDw@3","3","c8cc4e3f","1.0"
"Ha0UDw@3","333","e208ad53","1.0"
"Ha0UDw@3","666","8768103d","1.0"
"Ha0UDw@3","555","4107ea5c","1.0"
"Ha0UDw@3","111","c842ab9a","1.0"
"S9qjoQ@8","666","eb96d970","1.0"
"S9qjoQ@8","K20zeiocLDtwL8nRc2Y5aN","ad925a7a","1.0"
"Ha0UDw@3","6","2d00bffd","1.0"
"S9qjoQ@8","K20zeiocLDtwL8nRc2Y5aN","7a3d2623","1.0"
"Ha0UDw@3","K20zeiocLDtwL8nRc2Y5aN","9e046047","1.0"
"S9qjoQ@8","6","f933ea65","1.0"
"S9qjoQ@8","444","168817c7","1.0"
"Ha0UDw@3","111","9644d7d3","1.0"
"Ha0UDw@3","7","f66c8f2","1.0"
"S9qjoQ@8","3","c3f28e41","1.0"
"Ha0UDw@3","6JIYOGvVU2lA16kFeSbivH","3ffd0bb","0.0"
"Ha0UDw@3","7","a81b4430","1.0"
"S9qjoQ@8","555","faec1e79","1.0"
"S9qjoQ@8","7","f365fda6","1.0"
"Ha0UDw@3","4","b64dd1f0","1.0"
"S9qjoQ@8","444","7dea7a0d","1.0"
"Ha0UDw@3","7","65fb213f","1.0"
"S9qjoQ@8","444","83e62ea6","1.0"
"S9qjoQ@8","OiYBP8szIN9z0FfVffV-Qs","b3cf16a2","1.0"
"S9qjoQ@8","444","839e0d77","1.0"
"S9qjoQ@8","222","fa1e8116","1.0"
"S9qjoQ@8","777","bdd250e","0.5"
"S9qjoQ@8","111","2f6fe5b2","1.0"
"S9qjoQ@8","444","ea9c0336","1.0"
"Ha0UDw@3","333","5283c4f4","0.5"
"S9qjoQ@8","2","4212af02","1.0"
"S9qjoQ@8","5","6a37cec5","1.0"
"S9qjoQ@8","7","ae9a1ca2","1.0"
"1uEo4w@4","555","47d32a8f","1.0"
"Ha0UDw@3","SijUusI4nbSiZtldrHhtkX","b9f7e08b","1.0"
"S9qjoQ@8","222","bdc409a5","1.0"
"Ha0UDw@3","5","39999e78","1.0"
"S9qjoQ@8","8","4294658c","1.0"
"1uEo4w@4","666","35edd6b","1.0"
"S9qjoQ@8","4","ce5d5623","1.0"
"Ha0UDw@3","6JIYOGvVU2lA16kFeSbivH","3b9271b0","1.0"
"S9qjoQ@8","8","8ca449d0","1.0"
"Ha0UDw@3","5","5cb3178e","1.0"
"S9qjoQ@8","2","e6b18248","1.0"
"S9qjoQ@8","8","72b121bb","1.0"
"Ha0UDw@3","3","b0ee7fcc","0.5"
"S9qjoQ@8","666","a18b4f3","1.0"
"Ha0UDw@3","444","6a70b5d","0.5"
"Ha0UDw@3","666","7e5438c8","1.0"
"S9qjoQ@8","2","c7e07cc3","1.0"
"P1p1aQ@3","3","b5c986f8","1.0"
"S9qjoQ@8","777","2967b3ca","1.0"
"S9qjoQ@8","3","1e529e80","1.0"
"S9qjoQ@8","111","a0797240","1.0"
"S9qjoQ@8","555","6b868bbc","0.0"
"Ha0UDw@3","6JIYOGvVU2lA16kFeSbivH","503b6302","1.0"
"Ha0UDw@3","2","ba0c2439","1.0"
"Ha0UDw@3","2","758ca930","1.0"
"S9qjoQ@8","666","3d92313c","1.0"
"S9qjoQ@8","222","3ac590f","1.0"
"Ha0UDw@3","555","5388c7e0","1.0"
"S9qjoQ@8","7","7b5ab0e6","1.0"
"Ha0UDw@3","222","d67ddfae","1.0"
"1uEo4w@4","777","cac3024","1.0"
"Ha0UDw@3","7","6f75c85d","1.0"
"Ha0UDw@3","222","c24d417d","1.0"
"1uEo4w@4","444","1519a334","1.0"
"Ha0UDw@3","222","fd4b8162","1.0"
"S9qjoQ@8","333","91d3f5b3","1.0"
"S9qjoQ@8","444","ebf989ce","1.0"
"Ha0UDw@3","555","7375bf10","0.5"
"S9qjoQ@8","555","ed77a6f0","1.0"
"Ha0UDw@3","5","3184bbb2","1.0"
"Ha0UDw@3","6","397877e3","1.0"
"Ha0UDw@3","7","631dc15e","1.0"
"1uEo4w@4","555","f00c18fe","1.0"
"S9qjoQ@8","777","da265f4b","1.0"
"Ha0UDw@3","4","b5599d","1.0"
"S9qjoQ@8","2","49a7d7ac","1.0"
"S9qjoQ@8","2","5dd5e82e","1.0"
"S9qjoQ@8","SijUusI4nbSiZtldrHhtkX","e176a20d","1.0"
"Ha0UDw@3","6JIYOGvVU2lA16kFeSbivH","32749d50","1.0"
"S9qjoQ@8","6","2ace3ba0","1.0"
"Ha0UDw@3","6","eced5b69","1.0"
"Ha0UDw@3","777","69f5469c","1.0"
"Ha0UDw@3","444","356bc4b9","1.0"
"Ha0UDw@3","8","5858f16f","1.0"
"S9qjoQ@8","3","8712ff1d","1.0"
"S9qjoQ@8","3","58a4237e","1.0"
"S9qjoQ@8","6JIYOGvVU2lA16kFeSbivH","3d3cc918","1.0"
"S9qjoQ@8","666","edf9a251","1.0"
"Ha0UDw@3","4","44f1de94","1.0"
"S9qjoQ@8","3","2675d317","0.5"
"Ha0UDw@3","555","91373f5a","1.0"
"S9qjoQ@8","7","8d834866","1.0"
"1uEo4w@4","111","53a8e82","1.0"
"S9qjoQ@8","5","c653efaa","1.0"
"Ha0UDw@3","7","e8ee85db","1.0"
"S9qjoQ@8","6","4dce05df","1.0"
"S9qjoQ@8","7","29c48f8d","1.0"
"1uEo4w@4","333","17238560","1.0"
"Ha0UDw@3","777","7564154e","1.0"
"P1p1aQ@3","8","3de6de40","1.0"
"Ha0UDw@3","333","636e1a6d","1.0"
"S9qjoQ@8","3","9b9258a5","1.0"
"1uEo4w@4","7","8972eadb","1.0"
"Ha0UDw@3","2","453b79b9","1.0"
"S9qjoQ@8","2","834b9e66","1.0"
"Ha0UDw@3","666","dfde2cd6","1.0"
"P1p1aQ@3","4","e6b18248","1.0"
"Ha0UDw@3","333","ad1ba978","1.0"
"S9qjoQ@8","777","1bc43db1","0.5"
"Ha0UDw@3","3","a2c3a86d","1.0"
"S9qjoQ@8","111","8e3d4997","1.0"
"Ha0UDw@3","111","59c81c8e","1.0"
"S9qjoQ@8","666","70fdda37","1.0"
"Ha0UDw@3","8","fd012394","1.0"
"S9qjoQ@8","SijUusI4nbSiZtldrHhtkX","96daade3","1.0"
"Ha0UDw@3","111","20d49cb1","1.0"
"S9qjoQ@8","8","d2db7f6d","1.0"
"S9qjoQ@8","333","49b388c8","1.0"
"S9qjoQ@8","444","6315e177","1.0"
"S9qjoQ@8","6","a0a516cb","1.0"
"1uEo4w@4","555","17f4c286","0.0"
"S9qjoQ@8","OiYBP8szIN9z0FfVffV-Qs","40b94bc9","1.0"
"S9qjoQ@8","777","7885b2a1","1.0"
"S9qjoQ@8","8","d4ae71fb","1.0"
"1uEo4w@4","111","fc9f0ef8","1.0"
"S9qjoQ@8","8","674de126","1.0"
"Ha0UDw@3","111","425343b6","1.0"
"S9qjoQ@8","333","fee2bdf5","1.0"
"S9qjoQ@8","3","4172c9a9","1.0"
"S9qjoQ@8","444","d0b569a9","1.0"
"S9qjoQ@8","3","ca624727","1.0"
"S9qjoQ@8","SijUusI4nbSiZtldrHhtkX","2edcd5c1","1.0"
"S9qjoQ@8","7","a6f312ec","1.0"
"Ha0UDw@3","777","82cd1e07","1.0"
"Ha0UDw@3","4","16aa9cad","1.0"
"Ha0UDw@3","555","6b4f3597","1.0"
"1uEo4w@4","K20zeiocLDtwL8nRc2Y5aN","c5555ca0","1.0"
"Ha0UDw@3","7","2f24726b","1.0"
"S9qjoQ@8","222","7981e685","1.0"
"S9qjoQ@8","444","4087c435","1.0"
"1uEo4w@4","3","27b10ab6","1.0"
"Ha0UDw@3","222","fa87f1ce","1.0"
"Ha0UDw@3","3","d4dcdc91","1.0"
"Ha0UDw@3","6","75648d35","1.0"
"S9qjoQ@8","5","92fe2293","1.0"
"Ha0UDw@3","777","14d89783","1.0"
"Ha0UDw@3","777","5ece9fdf","1.0"
"S9qjoQ@8","555","20ee1458","1.0"
"S9qjoQ@8","8","f3b0850a","1.0"
"P1p1aQ@3","222","e4c3c16e","1.0"
"S9qjoQ@8","2","77e771bc","1.0"
"S9qjoQ@8","2","6a00ccfd","1.0"
"1uEo4w@4","666","b51102a2","1.0"
"S9qjoQ@8","222","fcbe072a","1.0"
"Ha0UDw@3","555","ad2090d6","1.0"
"S9qjoQ@8","777","e510c700","1.0"
"S9qjoQ@8","5","e2d263a8","1.0"
"Ha0UDw@3","333","82ec7827","1.0"
"Ha0UDw@3","8","92150d2c","1.0"
"S9qjoQ@8","3","62616258","1.0"
"Ha0UDw@3","2","2fdb2035","1.0"
"P1p1aQ@3","8","8fdfff6a","1.0"
"Ha0UDw@3","555","e1339282","1.0"
"Ha0UDw@3","555","79228bc5","1.0"
"Ha0UDw@3","777","ce1150b9","1.0"
"S9qjoQ@8","8","ef291fdd","1.0"
"Ha0UDw@3","777","64cd4503","0.5"
"Ha0UDw@3","K20zeiocLDtwL8nRc2Y5aN","c672d6cf","1.0"
"S9qjoQ@8","111","c9f825e0","1.0"
"Ha0UDw@3","777","49bc26ee","1.0"
"Ha0UDw@3","7","711bb507","1.0"
"S9qjoQ@8","8","4be67f5","1.0"
"S9qjoQ@8","333","a6a44b46","1.0"
"1uEo4w@4","333","14c22f03","1.0"
"Ha0UDw@3","111","71c6e77c","1.0"
"1uEo4w@4","8","8ddaa474","1.0"
"1uEo4w@4","666","7ee43b43","1.0"
"Ha0UDw@3","K20zeiocLDtwL8nRc2Y5aN","8839d76b","1.0"
"S9qjoQ@8","2","be4286f","1.0"
"S9qjoQ@8","6","38463519","0.0"
"Ha0UDw@3","7","a5c60baa","1.0"
"S9qjoQ@8","6","7cf7d10f","1.0"
"S9qjoQ@8","222","21c290f8","1.0"
"S9qjoQ@8","4","cd4eb8c1","1.0"
"Ha0UDw@3","3","58f341d1","1.0"
"1uEo4w@4","5","cdce1cfb","1.0"
"Ha0UDw@3","777","74491f76","1.0"
"S9qjoQ@8","7","8a48ac0c","1.0"
"Ha0UDw@3","222","66c9a86c","1.0"
"Ha0UDw@3","222","4d666eef","1.0"
"S9qjoQ@8","2","5f6dec99","1.0"
"S9qjoQ@8","777","94b2e586","0.0"
"S9qjoQ@8","6","c7b647fc","1.0"
"Ha0UDw@3","5","50f8d924","1.0"
"P1p1aQ@3","2","4172c9a9","1.0"
"S9qjoQ@8","777","ae232941","1.0"
"S9qjoQ@8","222","f4b733ec","1.0"
"S9qjoQ@8","333","ee632f56","1.0"
"S9qjoQ@8","666","c68a3ff7","0.0"
"P1p1aQ@3","555","77e59d7d","1.0"
"S9qjoQ@8","555","c8aa0715","1.0"
"S9qjoQ@8","222","cb7a8b04","1.0"
"S9qjoQ@8","OiYBP8szIN9z0FfVffV-Qs","a417b581","1.0"
"S9qjoQ@8","2","f0e07372","0.5"
"S9qjoQ@8","8","193936fc","1.0"
"1uEo4w@4","OiYBP8szIN9z0FfVffV-Qs","3694cf9c","1.0"
"Ha0UDw@3","666","1af1e6a4","1.0"
"S9qjoQ@8","OiYBP8szIN9z0FfVffV-Qs","dd3f9b43","1.0"
"S9qjoQ@8","K20zeiocLDtwL8nRc2Y5aN","f4cee2d","1.0"
"Ha0UDw@3","666","1635b430","1.0"
"S9qjoQ@8","777","28a401a7","1.0"
"Ha0UDw@3","555","96f9c970","1.0"
"Ha0UDw@3","6JIYOGvVU2lA16kFeSbivH","afbab60d","0.0"
"Ha0UDw@3","3","862633b9","1.0"
"Ha0UDw@3","8","4c36a89e","1.0"
"Ha0UDw@3","8","5f839484","1.0"
"Ha0UDw@3","6","a150dc13","0.5"
"S9qjoQ@8","2","74da3e2a","0.5"
"P1p1aQ@3","SijUusI4nbSiZtldrHhtkX","9f41e05f","1.0"
"S9qjoQ@8","777","27bb1dfc","1.0"
"S9qjoQ@8","555","f416d35a","1.0"
"Ha0UDw@3","2","f23a25a1","1.0"
"S9qjoQ@8","8","dafb829c","1.0"
"1uEo4w@4","4","41113cc0","1.0"
"P1p1aQ@3","4","6932d4fc","1.0"
"1uEo4w@4","111","36e96603","1.0"
"1uEo4w@4","444","7fbcf6e3","1.0"
"Ha0UDw@3","555","68a61b04","1.0"
"S9qjoQ@8","4","2366c198","1.0"
"Ha0UDw@3","6JIYOGvVU2lA16kFeSbivH","4340579","1.0"
"Ha0UDw@3","666","fcfcc74","1.0"
"S9qjoQ@8","666","59e6ae9","1.0"
"1uEo4w@4","444","22f94cd8","0.0"
"S9qjoQ@8","2","5381787c","1.0"
"S9qjoQ@8","6","30bb0509","1.0"
"Ha0UDw@3","222","9bc71870","1.0"
"S9qjoQ@8","555","a75c72a","1.0"
"S9qjoQ@8","3","c5ede5b","1.0"
"Ha0UDw@3","3","b2dcc3f3","1.0"
"S9qjoQ@8","7","613d5bd","1.0"
"Ha0UDw@3","2","3fc29c4e","1.0"
"Ha0UDw@3","222","2de60ede","1.0"
"S9qjoQ@8","333","4374c42c","1.0"
"S9qjoQ@8","333","4e29bb2","1.0"
"S9qjoQ@8","666","392602e3","1.0"
"P1p1aQ@3","5","30a30ea0","1.0"
"S9qjoQ@8","5","7885b2a1","1.0"
"S9qjoQ@8","7","6fe5e6cb","1.0"
"Ha0UDw@3","444","1cadb02f","1.0"
"S9qjoQ@8","111","e828b59c","1.0"
"1uEo4w@4","8","75cef86e","1.0"
"P1p1aQ@3","6","a00b6944","1.0"
"S9qjoQ@8","2","6baeaf3c","0.0"
"Ha0UDw@3","6","f999407c","0.5"
"Ha0UDw@3","3","ce54f5b","1.0"
"Ha0UDw@3","4","59e37ad9","1.0"
"Ha0UDw@3","444","56a5e0fe","1.0"
"S9qjoQ@8","K20zeiocLDtwL8nRc2Y5aN","e6183fdf","1.0"
"Ha0UDw@3","666","3d26ba36","1.0"
"Ha0UDw@3","8","f1b375cf","0.5"
"Ha0UDw@3","2","9ff31bd5","1.0"
"S9qjoQ@8","444","11b383b4","1.0"
"Ha0UDw@3","2","519d72fb","0.5"
"Ha0UDw@3","OiYBP8szIN9z0FfVffV-Qs","6fba072b","1.0"
"S9qjoQ@8","7","c311904e","1.0"
"S9qjoQ@8","6JIYOGvVU2lA16kFeSbivH","e8ec65a1","1.0"
"Ha0UDw@3","333","bb2dc744","1.0"
"Ha0UDw@3","OiYBP8szIN9z0FfVffV-Qs","3ba94aa8","1.0"
"Ha0UDw@3","333","899aeb94","1.0"
"P1p1aQ@3","777","82b7d9a7","1.0"
"S9qjoQ@8","444","5303c404","1.0"
"Ha0UDw@3","7","e9fe3e71","1.0"
"Ha0UDw@3","OiYBP8szIN9z0FfVffV-Qs","75de8612","1.0"
"S9qjoQ@8","8","dfb49609","0.5"
"S9qjoQ@8","8","5d51fa33","1.0"
"1uEo4w@4","6","a63c8a3f","1.0"
"S9qjoQ@8","666","4b38057d","1.0"
"Ha0UDw@3","666","c4e98684","1.0"
"Ha0UDw@3","2","d361b2a0","1.0"
"S9qjoQ@8","SijUusI4nbSiZtldrHhtkX","23dd1fed","1.0"
"Ha0UDw@3","OiYBP8szIN9z0FfVffV-Qs","91911820","1.0"
"Ha0UDw@3","333","296018ff","1.0"
"Ha0UDw@3","777","a1e40275","1.0"
"S9qjoQ@8","111","51e35f18","1.0"
"Ha0UDw@3","6","b2540586","1.0"
"S9qjoQ@8","333","e69baaff","1.0"
"Ha0UDw@3","666","8f76f22","1.0"
"Ha0UDw@3","SijUusI4nbSiZtldrHhtkX","76866e47","1.0"
"Ha0UDw@3","7","6ada742d","1.0"
"S9qjoQ@8","K20zeiocLDtwL8nRc2Y5aN","3ca7e5ec","1.0"
"S9qjoQ@8","3","9335ccdf","1.0"
"S9qjoQ@8","555","ff8006bc","1.0"
"S9qjoQ@8","222","a5e4ce52","1.0"
"S9qjoQ@8","8","96d5d5de","1.0"
"Ha0UDw@3","3","854b45fb","1.0"
"Ha0UDw@3","444","63140ead","1.0"
"S9qjoQ@8","2","2c6e0ed4","1.0"
"S9qjoQ@8","2","ac503f47","1.0"
"S9qjoQ@8","8","2a591608","1.0"
"S9qjoQ@8","111","7868f037","1.0"
"Ha0UDw@3","222","5fff1ba6","1.0"
"S9qjoQ@8","4","8d92463b","1.0"
"S9qjoQ@8","111","480bab6b","1.0"
"S9qjoQ@8","SijUusI4nbSiZtldrHhtkX","1ddceaf3","1.0"
"S9qjoQ@8","444","360cdc1","1.0"
"Ha0UDw@3","111","5e80340b","1.0"
"Ha0UDw@3","4","9635a595","1.0"
"S9qjoQ@8","SijUusI4nbSiZtldrHhtkX","39999e78","0.0"
"Ha0UDw@3","444","98a2a09a","1.0"
"Ha0UDw@3","4","826be5a7","1.0"
"S9qjoQ@8","3","3bb42dad","1.0"
"Ha0UDw@3","8","bd921288","1.0"
"Ha0UDw@3","8","cdece3a2","1.0"
"P1p1aQ@3","8","b7a665a1","1.0"
"Ha0UDw@3","6JIYOGvVU2lA16kFeSbivH","ce7e4545","1.0"
"S9qjoQ@8","222","814ef329","1.0"
"Ha0UDw@3","3","83209bc9","1.0"
"Ha0UDw@3","K20zeiocLDtwL8nRc2Y5aN","59817b7c","1.0"
"Ha0UDw@3","3","ce30c15b","1.0"
"1uEo4w@4","6JIYOGvVU2lA16kFeSbivH","a3eddb11","1.0"
"P1p1aQ@3","2","ed40d6f7","1.0"
"S9qjoQ@8","555","fc9f0ef8","1.0"
"S9qjoQ@8","222","c4ab17d1","1.0"
"S9qjoQ@8","4","77b922a1","1.0"
"1uEo4w@4","K20zeiocLDtwL8nRc2Y5aN","a4c5d1b2","1.0"
"1uEo4w@4","K20zeiocLDtwL8nRc2Y5aN","90b2f9b9","1.0"
"Ha0UDw@3","111","94f47c7d","1.0"
"S9qjoQ@8","5","bea21960","1.0"
"S9qjoQ@8","OiYBP8szIN9z0FfVffV-Qs","29b822bd","1.0"
"Ha0UDw@3","111","560dc530","1.0"
"S9qjoQ@8","OiYBP8szIN9z0FfVffV-Qs","a55ac781","1.0"
"Ha0UDw@3","7","5181741b","1.0"
"S9qjoQ@8","2","d4d673c3","1.0"
"S9qjoQ@8","SijUusI4nbSiZtldrHhtkX","1d0be6ee","1.0"
"S9qjoQ@8","6","e2aa961","1.0"
"P1p1aQ@3","3","c66d2dd","1.0"
"Ha0UDw@3","777","e80e0da4","1.0"
"S9qjoQ@8","8","aa62ebbe","1.0"
"Ha0UDw@3","3","d16dc5cc","1.0"
"S9qjoQ@8","444","1f57b9d1","1.0"
"S9qjoQ@8","777","b410524b","0.0"
"S9qjoQ@8","555","ad925a7a","1.0"
"S9qjoQ@8","7","29706853","1.0"
"1uEo4w@4","222","eed7ad17","1.0"
"Ha0UDw@3","111","2fa22a0a","0.5"
"Ha0UDw@3","444","319bc094","1.0"
"S9qjoQ@8","5","4b45494c","1.0"
"Ha0UDw@3","666","5cd4d48","1.0"
"Ha0UDw@3","111","c4e98684","1.0"
"Ha0UDw@3","111","385804c1","1.0"
"S9qjoQ@8","444","96993094","1.0"
"S9qjoQ@8","333","70764a16","1.0"
"Ha0UDw@3","3","50df6732","1.0"
"1uEo4w@4","111","b3a4cda1","1.0"
"Ha0UDw@3","222","7493b51","1.0"
"Ha0UDw@3","5","4682ef90","1.0"
"Ha0UDw@3","333","342a0465","1.0"
"1uEo4w@4","555","1dbbd3b6","1.0"
"S9qjoQ@8","666","512ffda","1.0"
"1uEo4w@4","8","780a686e","0.0"
"Ha0UDw@3","6","991718e5","1.0"
"Ha0UDw@3","6JIYOGvVU2lA16kFeSbivH","8dd637a9","1.0"
"Ha0UDw@3","222","d6d97d60","1.0"
"P1p1aQ@3","444","2c52e26a","1.0"
"Ha0UDw@3","222","e2a1e143","1.0"
"Ha0UDw@3","333","cacc759b","1.0"
"S9qjoQ@8","222","5291ed65","1.0"
"S9qjoQ@8","7","1d085d42","1.0"
"S9qjoQ@8","444","49889137","1.0"
"P1p1aQ@3","444","15ce74f2","1.0"
"S9qjoQ@8","3","d92c74b","1.0"
"S9qjoQ@8","666","eb01f0d2","1.0"
"S9qjoQ@8","7","e3d68dd7","1.0"
"P1p1aQ@3","3","92f8c655","1.0"
"Ha0UDw@3","6","fb68e7ec","1.0"
"Ha0UDw@3","555","b93e4284","1.0"
"S9qjoQ@8","4","5ef90fc3","1.0"
"Ha0UDw@3","111","67edcccf","1.0"
"Ha0UDw@3","3","1f645ad5","1.0"
"S9qjoQ@8","K20zeiocLDtwL8nRc2Y5aN","bcd5bab8","1.0"
"S9qjoQ@8","666","c21fde16","1.0"
"S9qjoQ@8","111","f66c8f2","1.0"
"S9qjoQ@8","444","d6e86a6","1.0"
"1uEo4w@4","OiYBP8szIN9z0FfVffV-Qs","d5ce9a6b","1.0"
"1uEo4w@4","6","b5dbcdf3","1.0"
"S9qjoQ@8","444","c10e5ba7","0.0"
"S9qjoQ@8","6JIYOGvVU2lA16kFeSbivH","ad919f4f","1.0"
"S9qjoQ@8","K20zeiocLDtwL8nRc2Y5aN","6e3b8da5","1.0"
"S9qjoQ@8","777","6b04fed","1.0"
"S9qjoQ@8","3","2b354795","1.0"
"S9qjoQ@8","777","5979648","1.0"
"Ha0UDw@3","444","841f5b7c","1.0"
"S9qjoQ@8","6JIYOGvVU2lA16kFeSbivH","8be76949","0.0"
"P1p1aQ@3","111","38cb319d","1.0"
"Ha0UDw@3","111","fc6c366d","1.0"
"Ha0UDw@3","8","e0c3cf2","0.0"
"S9qjoQ@8","7","756d847a","1.0"
"Ha0UDw@3","8","89d18f02","1.0"
"S9qjoQ@8","3","9a2182e7","1.0"
"P1p1aQ@3","3","c309d2da","1.0"
"Ha0UDw@3","444","42a9d70","1.0"
"Ha0UDw@3","8","acce28af","1.0"
"Ha0UDw@3","222","177c136a","1.0"
"Ha0UDw@3","8","77623c50","1.0"
"S9qjoQ@8","666","bd9a83a5","1.0"
"Ha0UDw@3","OiYBP8szIN9z0FfVffV-Qs","fccd7d60","1.0"
"S9qjoQ@8","SijUusI4nbSiZtldrHhtkX","cfff044d","1.0"
"Ha0UDw@3","4","953c2104","1.0"
"Ha0UDw@3","222","11d07fda","1.0"
"S9qjoQ@8","333","e8c53304","0.0"
"Ha0UDw@3","222","5d0df90f","1.0"
"S9qjoQ@8","444","bd2e651c","1.0"
"S9qjoQ@8","333","1f15722","1.0"
"S9qjoQ@8","444","d791a6ea","1.0"
"S9qjoQ@8","111","894bfd66","1.0"
"Ha0UDw@3","7","ec25662e","1.0"
"Ha0UDw@3","666","d91ebcfd","1.0"
"Ha0UDw@3","7","79eedb18","1.0"
"Ha0UDw@3","444","903b38dc","1.0"
"S9qjoQ@8","2","35f935b4","1.0"
"Ha0UDw@3","4","d04d59b5","1.0"
"Ha0UDw@3","5","7832e697","0.0"
"Ha0UDw@3","777","5eeb3edf","1.0"
"Ha0UDw@3","111","f135cdec","1.0"
"S9qjoQ@8","2","8c59ebc2","1.0"
"Ha0UDw@3","666","1cc59af","1.0"
"S9qjoQ@8","8","25c50443","1.0"
"S9qjoQ@8","4","fa7fa64","1.0"
"Ha0UDw@3","8","431d8004","1.0"
"S9qjoQ@8","2","839422b5","1.0"
"Ha0UDw@3","666","1f274b21","1.0"
"Ha0UDw@3","8","3f80e593","1.0"
"S9qjoQ@8","4","9a9cd46e","1.0"
"Ha0UDw@3","6JIYOGvVU2lA16kFeSbivH","ae18540","1.0"
"S9qjoQ@8","777","b041401a","1.0"
"S9qjoQ@8","K20zeiocLDtwL8nRc2Y5aN","cb14d10b","1.0"
"S9qjoQ@8","666","2634eb6d","1.0"
"1uEo4w@4","666","968af6cd","1.0"
"Ha0UDw@3","444","adb5de9f","1.0"
"Ha0UDw@3","222","3181e327","1.0"
"Ha0UDw@3","2","74491f76","1.0"
"S9qjoQ@8","8","62c1da0d","1.0"
"S9qjoQ@8","6","442f13b","1.0"
"Ha0UDw@3","666","e91ce203","1.0"
"S9qjoQ@8","SijUusI4nbSiZtldrHhtkX","eca536e9","1.0"
"P1p1aQ@3","777","d8023f0c","0.5"
"Ha0UDw@3","555","abbf00ce","1.0"
"S9qjoQ@8","2","31012d6d","1.0"
"Ha0UDw@3","2","1d96b54a","1.0"
"S9qjoQ@8","2","40c414e","0.0"
"Ha0UDw@3","111","d68cf645","1.0"
"Ha0UDw@3","3","7a136e56","1.0"
"S9qjoQ@8","7","30c41de","1.0"
"P1p1aQ@3","555","2c5ae329","1.0"
"S9qjoQ@8","8","594a234e","1.0"
"S9qjoQ@8","6","1dd6c282","1.0"
"Ha0UDw@3","4","b99ca585","1.0"
"Ha0UDw@3","7","1f6762a1","1.0"
"S9qjoQ@8","7","97723610","1.0"
"Ha0UDw@3","6JIYOGvVU2lA16kFeSbivH","642cdfcd","1.0"
"P1p1aQ@3","6","6f3c7255","1.0"
"P1p1aQ@3","666","49f3aea1","1.0"
"Ha0UDw@3","555","cacc759b","1.0"
"Ha0UDw@3","555","a361de8a","1.0"
"S9qjoQ@8","5","a5193215","1.0"
"S9qjoQ@8","222","c4aee43f","1.0"
"S9qjoQ@8","333","4eface6f","1.0"
"Ha0UDw@3","111","764baf0c","1.0"
"1uEo4w@4","777","3e3d6428","1.0"
"P1p1aQ@3","222","6bc72608","1.0"
"S9qjoQ@8","333","2533d62c","1.0"
"S9qjoQ@8","222","59e6ae9","1.0"
"Ha0UDw@3","5","5c873911","1.0"
"S9qjoQ@8","SijUusI4nbSiZtldrHhtkX","e0b61135","0.0"
"S9qjoQ@8","3","188fde96","1.0"
"S9qjoQ@8","777","e098f4f0","1.0"
"Ha0UDw@3","555","1c1f8da5","1.0"
"1uEo4w@4","111","9d1eabaa","1.0"
"S9qjoQ@8","OiYBP8szIN9z0FfVffV-Qs","f83e08cb","1.0"
"S9qjoQ@8","444","d47fba02","1.0"
"S9qjoQ@8","3","f2c95662","1.0"
"S9qjoQ@8","8","acce28af","1.0"
"S9qjoQ@8","222","28b5fa04","1.0"
"Ha0UDw@3","333","84744122","1.0"
"S9qjoQ@8","K20zeiocLDtwL8nRc2Y5aN","6e50af8c","1.0"
"Ha0UDw@3","3","51ac5155","1.0"
"Ha0UDw@3","5","168817c7","1.0"
"Ha0UDw@3","777","40c48cb3","1.0"
"Ha0UDw@3","8","2e6ab7c3","1.0"
"Ha0UDw@3","7","2ec4cc58","1.0"
"Ha0UDw@3","6JIYOGvVU2lA16kFeSbivH","2d2ea2f","1.0"
"S9qjoQ@8","777","df3e9625","1.0"
"P1p1aQ@3","111","28a9caa9","1.0"
"Ha0UDw@3","6","daa311fd","1.0"
"S9qjoQ@8","7","786b0c36","1.0"
"S9qjoQ@8","5","de899431","0.5"
"Ha0UDw@3","2","98dc8de","1.0"
"Ha0UDw@3","444","4a807e3","1.0"
"Ha0UDw@3","111","eee487b3","1.0"
"Ha0UDw@3","6","77874d5","0.0"
"1uEo4w@4","4","9584041","1.0"
"Ha0UDw@3","555","afbab60d","1.0"
"Ha0UDw@3","7","89c8c20a","1.0"
"S9qjoQ@8","555","407d7e97","1.0"
"S9qjoQ@8","3","94271891","1.0"
"S9qjoQ@8","555","bd2b5fef","1.0"
"S9qjoQ@8","K20zeiocLDtwL8nRc2Y5aN","62b8406a","0.0"
"Ha0UDw@3","444","ffda2d91","1.0"
"S9qjoQ@8","7","6c43a7ca","1.0"
"1uEo4w@4","2","aa09fa01","1.0"
"Ha0UDw@3","333","6794d686","1.0"
"Ha0UDw@3","111","9257d23d","1.0"
"1uEo4w@4","666","c1b35089","1.0"
"Ha0UDw@3","4","42a9d70","1.0"
"Ha0UDw@3","SijUusI4nbSiZtldrHhtkX","6cf8d261","1.0"
"S9qjoQ@8","777","8a7ffe60","1.0"
"Ha0UDw@3","3","ee472ccf","1.0"
"Ha0UDw@3","6JIYOGvVU2lA16kFeSbivH","7564154e","1.0"
"S9qjoQ@8","777","a3c44670","1.0"
"Ha0UDw@3","222","a0797240","1.0"
"S9qjoQ@8","6","9584041","1.0"
"Ha0UDw@3","K20zeiocLDtwL8nRc2Y5aN","72254dff","1.0"
"Ha0UDw@3","222","9b479d1b","1.0"
"Ha0UDw@3","6","183ae73","1.0"
"S9qjoQ@8","OiYBP8szIN9z0FfVffV-Qs","2b222ca7","1.0"
"S9qjoQ@8","SijUusI4nbSiZtldrHhtkX","78f3c7e2","1.0"
"S9qjoQ@8","5","3ac0fc4a","1.0"
"S9qjoQ@8","3","9e5a9f8f","1.0"
"Ha0UDw@3","5","433fec44","1.0"
"S9qjoQ@8","4","ec6559dd","1.0"
"S9qjoQ@8","222","228fb9b4","1.0"
"S9qjoQ@8","555","fb013f0a","1.0"
"Ha0UDw@3","7","b79462a8","1.0"
"S9qjoQ@8","444","cd5adb1d","1.0"
"S9qjoQ@8","6","13816680","1.0"
"Ha0UDw@3","7","115866e1","1.0"
"S9qjoQ@8","555","9c50c938","1.0"
"Ha0UDw@3","4","c958f0f4","1.0"
"S9qjoQ@8","4","dc7c5c96","1.0"
"P1p1aQ@3","7","5df96536","1.0"
"Ha0UDw@3","8","fbee598c","0.5"
"S9qjoQ@8","666","84e988fc","1.0"
"S9qjoQ@8","8","8abce53b","1.0"
"S9qjoQ@8","777","59ea4cd1","1.0"
"Ha0UDw@3","333","89c8c20a","1.0"
"S9qjoQ@8","6","88ce4343","1.0"
"Ha0UDw@3","2","4bf82a14","1.0"
"S9qjoQ@8","2","eced5b69","1.0"
"S9qjoQ@8","222","dd136b2e","1.0"
"S9qjoQ@8","777","3a27c98","1.0"
"S9qjoQ@8","5","460aa9b","1.0"
"S9qjoQ@8","111","bcecdaa2","1.0"
"S9qjoQ@8","2","c24d417d","1.0"
"Ha0UDw@3","111","da7a03e2","1.0"
"S9qjoQ@8","7","bf401c1d","1.0"
"S9qjoQ@8","3","8ec1cf60","0.0"
"S9qjoQ@8","3","3a73f658","1.0"
"S9qjoQ@8","3","d64ba31b","1.0"
"Ha0UDw@3","8","65c93d27","1.0"
"Ha0UDw@3","6","a8b96873","0.0"
"S9qjoQ@8","555","98547359","1.0"
"S9qjoQ@8","7","c05e79b0","1.0"
"S9qjoQ@8","OiYBP8szIN9z0FfVffV-Qs","4f9c9f72","1.0"
"S9qjoQ@8","7","64e24d9","1.0"
"S9qjoQ@8","OiYBP8szIN9z0FfVffV-Qs","4fed1334","1.0"
"Ha0UDw@3","6","6eda19aa","1.0"
"Ha0UDw@3","6JIYOGvVU2lA16kFeSbivH","15f8f7e4","1.0"
"S9qjoQ@8","OiYBP8szIN9z0FfVffV-Qs","bb367e92","1.0"
"Ha0UDw@3","111","81d5329d","1.0"
"P1p1aQ@3","K20zeiocLDtwL8nRc2Y5aN","c91f03a1","1.0"
"S9qjoQ@8","555","b2a00507","1.0"
"S9qjoQ@8","666","b16c74af","1.0"
"1uEo4w@4","555","e9239542","1.0"
"Ha0UDw@3","444","7c7c1f81","1.0"
"S9qjoQ@8","6","feecb810","1.0"
"S9qjoQ@8","OiYBP8szIN9z0FfVffV-Qs","dc602999","1.0"
"Ha0UDw@3","8","6a480d17","1.0"
"Ha0UDw@3","OiYBP8szIN9z0FfVffV-Qs","69704c78","1.0"
"P1p1aQ@3","111","ac1ddf29","1.0"
"1uEo4w@4","444","5f7d9dda","1.0"
"S9qjoQ@8","666","810d9d9f","1.0"
"S9qjoQ@8","2","1df431cc","1.0"
"S9qjoQ@8","K20zeiocLDtwL8nRc2Y5aN","6898356b","1.0"
"Ha0UDw@3","6","aaa94991","1.0"
"Ha0UDw@3","7","112d0144","1.0"
"P1p1aQ@3","222","9eb52c07","1.0"
"S9qjoQ@8","K20zeiocLDtwL8nRc2Y5aN","a66a7f7f","1.0"
"Ha0UDw@3","K20zeiocLDtwL8nRc2Y5aN","3eeb22e3","1.0"
"Ha0UDw@3","333","e27d041a","1.0"
"S9qjoQ@8","222","4aa4e00b","1.0"
"1uEo4w@4","222","1ae7c467","1.0"
"S9qjoQ@8","444","fe0738a3","1.0"
"Ha0UDw@3","4","2de4f03d","1.0"
"Ha0UDw@3","111","fa4a28cc","1.0"
"S9qjoQ@8","2","5e38cc2c","1.0"
"S9qjoQ@8","6","1a886a05","0.0"
"S9qjoQ@8","222","3b55fcf9","1.0"
"Ha0UDw@3","5","6b519007","1.0"
"S9qjoQ@8","222","f55db7b6","1.0"
"1uEo4w@4","8","3df609a6","1.0"
"1uEo4w@4","K20zeiocLDtwL8nRc2Y5aN","8a48ac0c","1.0"
"S9qjoQ@8","OiYBP8szIN9z0FfVffV-Qs","fc7c1a89","1.0"
"Ha0UDw@3","111","9644d7d3","1.0"
"S9qjoQ@8","2","6ce08b9b","1.0"
"S9qjoQ@8","555","43e71cab","1.0"
"Ha0UDw@3","2","c524c730","1.0"
"S9qjoQ@8","2","aa1d3aa2","1.0"
"S9qjoQ@8","6","fd012394","1.0"
"Ha0UDw@3","666","dfdfccfe","1.0"
"P1p1aQ@3","6","dbd7ab88","1.0"
"S9qjoQ@8","8","fe323d7b","1.0"
"Ha0UDw@3","666","2b6e86f1","1.0"
"S9qjoQ@8","5","a4a88498","1.0"
"Ha0UDw@3","111","f27fa357","0.5"
"S9qjoQ@8","555","10fa3612","1.0"
"P1p1aQ@3","777","11e5717c","1.0"
"1uEo4w@4","6JIYOGvVU2lA16kFeSbivH","ef0fcf74","1.0"
"S9qjoQ@8","K20zeiocLDtwL8nRc2Y5aN","957d1426","1.0"
"S9qjoQ@8","OiYBP8szIN9z0FfVffV-Qs","d7419ec2","1.0"
"Ha0UDw@3","777","aa34e722","1.0"
"S9qjoQ@8","5","2aad59d5","1.0"
"Ha0UDw@3","3","976e95b9","1.0"
"S9qjoQ@8","333","2714b97d","1.0"
"1uEo4w@4","666","2a3866e1","1.0"
"Ha0UDw@3","666","9aa68243","1.0"
"P1p1aQ@3","333","a4d5792","1.0"
"1uEo4w@4","SijUusI4nbSiZtldrHhtkX","f38f2b33","1.0"
"S9qjoQ@8","555","74f223aa","1.0"
"Ha0UDw@3","4","79f2d001","1.0"
"S9qjoQ@8","777","acb1675f","1.0"
"Ha0UDw@3","6","bd01a9c1","1.0"
"S9qjoQ@8","777","a2fa91e4","1.0"
"Ha0UDw@3","2","cf237b98","1.0"
"S9qjoQ@8","8","31c78b06","1.0"
"S9qjoQ@8","OiYBP8szIN9z0FfVffV-Qs","8ead48a7","1.0"
"S9qjoQ@8","7","2203dc32","1.0"
"S9qjoQ@8","5","8ad67de0","1.0"
"S9qjoQ@8","7","34553671","1.0"
"Ha0UDw@3","SijUusI4nbSiZtldrHhtkX","841f5b7c","1.0"
"S9qjoQ@8","6JIYOGvVU2lA16kFeSbivH","fde55188","1.0"
"Ha0UDw@3","7","15a8b9b4","0.0"
"Ha0UDw@3","3","76682177","1.0"
"Ha0UDw@3","5","5d5356af","1.0"
"Ha0UDw@3","K20zeiocLDtwL8nRc2Y5aN","6f75c85d","1.0"
"Ha0UDw@3","K20zeiocLDtwL8nRc2Y5aN","aba0733","1.0"
"S9qjoQ@8","222","75b04b51","1.0"
"P1p1aQ@3","OiYBP8szIN9z0FfVffV-Qs","e804c484","1.0"
"S9qjoQ@8","444","e37ba05e","1.0"
"Ha0UDw@3","444","2f037f74","1.0"
"Ha0UDw@3","777","11c55629","1.0"
"Ha0UDw@3","3","92ef38ef","1.0"
"Ha0UDw@3","6","22030a4b","1.0"
"Ha0UDw@3","OiYBP8szIN9z0FfVffV-Qs","296018ff","1.0"
"S9qjoQ@8","8","ff99dc87","1.0"
"Ha0UDw@3","8","ee734277","1.0"
"S9qjoQ@8","444","34c7b56b","1.0"
"Ha0UDw@3","555","b4d4a80","1.0"
"Ha0UDw@3","4","8ae3093f","1.0"
"1uEo4w@4","4","36a5798","1.0"
"S9qjoQ@8","555","7d5c8452","1.0"
"1uEo4w@4","555","9155b566","1.0"
"Ha0UDw@3","8","f412d75f","1.0"
"Ha0UDw@3","7","49afc21a","1.0"
"S9qjoQ@8","K20zeiocLDtwL8nRc2Y5aN","39976843","1.0"
"1uEo4w@4","777","a315ab32","1.0"
"Ha0UDw@3","444","cd86068e","0.0"
"S9qjoQ@8","K20zeiocLDtwL8nRc2Y5aN","4c17c935","1.0"
"Ha0UDw@3","3","43a702e3","1.0"
"P1p1aQ@3","OiYBP8szIN9z0FfVffV-Qs","f88d1213","1.0"
"1uEo4w@4","6","207f92a8","1.0"
"S9qjoQ@8","666","a010e587","1.0"
"S9qjoQ@8","222","328b1a","1.0"
"Ha0UDw@3","555","d61f9946","1.0"
